﻿"","Username","Fullname","School","cup2024r5p1","cup2024r5p2","cup2024r5p3","Points"
"1","Cookie","Lê Viết Nam Khôi, Thành phố Hồ Chí Minh","Trường TH-THCS-THPT Việt-Úc - Thành phố Hồ Chí Minh","700","700","600","2000"
"1","kienht","Thái Văn Gia Kiên","Trường Trung học phổ thông chuyên Hà Tĩnh - Hà Tĩnh","700","700","600","2000"
"3","Cadoc","Phan Minh Quân","Trường Trung học phổ thông chuyên Tiền Giang - Tiền Giang","700","560","600","1860"
"4","arc","Hoàng Mạnh Linh","Trường Trung học phổ thông chuyên Phan Bội Châu - Nghệ An","700","700","450","1850"
"4","lexuantrong","Lê Xuân Trọng","Trường Trung học phổ thông chuyên Hùng Vương - Bình Dương","700","700","450","1850"
"6","phungduc3103","Phùng Ngọc Nguyên Đức","Trường THPT Chuyên Lương Thế Vinh - Đồng Nai","700","700","432","1832"
"7","villeclaude","Hoàng Văn Trà","Trường Trung học phổ thông chuyên Bắc Giang - Bắc Giang","700","700","414","1814"
"8","TrolleyCoder","Đặng Huy Hậu","Trường Trung học phổ thông chuyên Thăng Long - Lâm Đồng","504","700","600","1804"
"9","tranhaiz100","Phan Sỹ  Danh","Trường Trung học phổ thông chuyên Hà Tĩnh - Hà Tĩnh","700","700","312","1712"
"9","quagiadecode","Nguyễn Thế Việt Anh","Trường Trung học phổ thông chuyên Bắc Ninh - Bắc Ninh","700","700","312","1712"
"11","quq","Dương Đăng Quang","Trường Trung học phổ thông chuyên Lý Tự Trọng - Cần Thơ","504","700","450","1654"
"12","nhanhoang510","Hoàng Thiện Nhân","Trường Trung học phổ thông chuyên Lê Quý Đôn - Quảng Trị","504","700","408","1612"
"13","leminhtuanils27","Lê Minh Tuấn","Trường Trung học phổ thông chuyên Lam Sơn - Thanh Hóa","700","700","210","1610"
"13","danglayloi1","Trần Hải Đăng","Trường Trung học phổ thông chuyên Phan Bội Châu - Nghệ An","700","700","210","1610"
"13","caotuanphong","Cao Tuấn Phong","Trường Trung học phổ thông chuyên Phan Bội Châu - Nghệ An","700","700","210","1610"
"13","tthanhloi2007","Trần Thành Lợi","Trường Trung học phổ thông chuyên Huỳnh Mẫn Đạt - Kiên Giang","700","700","210","1610"
"13","btoandz","Nguyễn Ngọc Bảo Toàn","Trường Trung học phổ thông chuyên Phan Bội Châu - Nghệ An","700","700","210","1610"
"13","duonghoangphong","Dương Hoàng Phong","Trường Trung học phổ thông chuyên Phan Bội Châu - Nghệ An","700","700","210","1610"
"19","kophaiquang08","Trần Đăng Quang","THPT Chuyên Phan Bội Châu, Nghệ An","700","700","168","1568"
"20","vongocsinh","Võ Ngọc Sinh","Trường Trung học phổ thông chuyên Võ Nguyên Giáp - Quảng Bình","700","700","120","1520"
"21","ASURA34","Đỗ Mạnh Hiệp","Trường Trung học phổ thông chuyên Nguyễn Trãi - Hải Dương","700","658","120","1478"
"22","khanhdungtrinh","Trịnh Khánh Dũng","Trường Trung học phổ thông chuyên Lê Quý Đôn - Bình Định","315","700","450","1465"
"23","Mikael639","Võ Gia Minh","Trường Trung học phổ thông chuyên Lê Quý Đôn - Bà Rịa – Vũng Tàu","693","560","210","1463"
"24","dwuy","Nguyễn Phạm Đức Huy","Trường Trung học phổ thông Gia Định - Thành phố Hồ Chí Minh","700","700","54","1454"
"25","Namviet2704","Nguyễn Việt Nam","Trường Trung học phổ thông chuyên Phan Bội Châu - Nghệ An","301","700","450","1451"
"26","ninhbinh06","PHẠM THẾ DŨNG","Trường Trung học phổ thông chuyên Lương Văn Tụy - Ninh Bình","315","700","408","1423"
"27","duckindog","Nguyễn Minh Đưcs","Trường Trung học phổ thông chuyên Trần Phú - Hải Phòng","504","700","210","1414"
"28","anh03032007","Từ Hoàng Anh","Trường Trung học phổ thông chuyên Chu Văn An - Bình Định","700","700","","1400"
"28","leminhnhat","Lê Minh Nhật","Trường Trung học phổ thông chuyên Lê Quý Đôn - Quảng Trị","700","700","","1400"
"28","ITK11_DUY","Tống Nguyễn Hà Duy","Trường Trung học phổ thông chuyên Lê Thánh Tông - Quảng Nam","700","700","","1400"
"31","PhcKhnhTapCode","Nguyễn Phúc Khánh","Trường Trung học phổ thông chuyên Hùng Vương - Phú Thọ","315","700","348","1363"
"32","khoihk20","Nguyễn Mai Khôi","Trường Trung học phổ thông chuyên Quang Trung - Bình Phước","581","700","48","1329"
"33","duong2k7","Thân Hồng Dương","Trường Trung học phổ thông chuyên Bắc Giang - Bắc Giang","546","700","78","1324"
"34","ShadowShark","Nguyễn Hải Anh","Trường Trung học phổ thông chuyên Hạ Long - Quảng Ninh","539","700","78","1317"
"35","hxano","Nguyễn Đăng Khang","Trường Trung học phổ thông chuyên Hùng Vương - Gia Lai","357","700","210","1267"
"36","itachicbh","Đỗ Thành Trọng","Trường Trung học phổ thông chuyên Biên Hòa - Hà Nam","504","700","54","1258"
"37","EvolutionzXD","Đặng Xuân Bách","Trường Trung học phổ thông chuyên Hùng Vương - Gia Lai","434","700","120","1254"
"38","10tin_dinhson","Nguyễn Đình Sơn","Trường Trung học phổ thông chuyên Bắc Ninh - Bắc Ninh","504","700","42","1246"
"39","Ejen","Huỳnh Anh Nhật","Trường Trung học phổ thông chuyên Lê Quý Đôn - Bình Định","315","700","210","1225"
"39","trvhung","Trần Việt Hưng","Trường Trung học phổ thông chuyên Võ Nguyên Giáp - Quảng Bình","315","700","210","1225"
"39","nhatanh2k7a","Nguyễn Đào Nhật Anh","Trường Trung học phổ thông chuyên Hùng Vương - Phú Thọ","315","700","210","1225"
"39","tqbduong207","Trương Quang Bảo Dương","THPT chuyên Lê Quý Đôn","315","700","210","1225"
"39","Doi_tui_ban_hanh","Tạ Hữu Dương","Trường Trung học phổ thông chuyên Nguyễn Trãi - Hải Dương","315","700","210","1225"
"39","tranquyetthang","Trần Quyết Thắng","Trường Trung học phổ thông chuyên Huỳnh Mẫn Đạt - Kiên Giang","315","700","210","1225"
"39","tuank40itchv","Lê Anh Tuấn","Trường Trung học phổ thông chuyên Hùng Vương - Phú Thọ","315","700","210","1225"
"46","ND03","Ninh Đức Nam","Trường Trung học phổ thông chuyên Lê Hồng Phong - Nam Định","504","658","54","1216"
"47","meoxu","Nguyễn Phan Minh Nhật","Trường Trung học phổ thông chuyên Quốc Học - Thừa Thiên Huế","504","700","","1204"
"48","lamvu45","Vũ Tùng Lâm","Trường Trung học phổ thông chuyên Trần Phú - Hải Phòng","504","574","120","1198"
"49","ND09","Phạm Đức Lương","Trường Trung học phổ thông chuyên Lê Hồng Phong - Nam Định","315","700","168","1183"
"50","datp3877","Phan Thanh Đạt","Trường Trung học phổ thông chuyên Võ Nguyên Giáp - Quảng Bình","700","252","210","1162"
"51","ninhbinh02","NGUYỄN THU NGÂN","Trường Trung học phổ thông chuyên Lương Văn Tụy - Ninh Bình","455","700","","1155"
"52","callmelucian","Nguyễn Tấn Minh","Trường Trung học phổ thông chuyên Lê Hồng Phong - Thành phố Hồ Chí Minh","315","700","120","1135"
"52","whitezeros1410","Phan Nguyễn Quốc Bảo","Trường Trung học phổ thông chuyên Bình Long - Bình Phước","315","700","120","1135"
"52","zNatsumi","Nguyễn Đức Hiển","Trường Trung học phổ thông chuyên Trần Phú - Hải Phòng","315","700","120","1135"
"52","nvc2k8","Nguyễn Việt Cường","Trường Trung học phổ thông chuyên Huỳnh Mẫn Đạt - Kiên Giang","315","700","120","1135"
"56","louis_no_pro","Lưu Minh Hiếu","Trường Trung học phổ thông chuyên Lê Quý Đôn - Bình Định","315","693","120","1128"
"57","sqrtN","Trần Anh Thi","Trường Trung học phổ thông chuyên Lê Quý Đôn - Bình Định","315","679","120","1114"
"57","phamhunganh205","Phạm Hùng Anh","Trường Trung học phổ thông chuyên Trần Hưng Đạo - Bình Thuận","700","","414","1114"
"59","dutuyenbuithaison","Bùi Thái Sơn","Trường Trung học phổ thông chuyên Hà Tĩnh - Hà Tĩnh","315","700","90","1105"
"60","Phamvuphuong13","Phạm Vũ Phương","Trường Trung học phổ thông chuyên Hà Tĩnh - Hà Tĩnh","322","700","78","1100"
"61","duyoke","Trần Đức Duy","Trường Trung học phổ thông chuyên Lý Tự Trọng - Cần Thơ","343","700","54","1097"
"62","Mochi","Nguyễn Long Nhật","Trường Trung học phổ thông chuyên Lê Khiết - Quảng Ngãi","273","700","120","1093"
"62","vuquangduoc1234","Vũ Quang Được","Trường Trung học phổ thông chuyên Trần Phú - Hải Phòng","315","700","78","1093"
"64","123ntd","Nguyễn Trí Đại","Trường Trung học phổ thông chuyên Hưng Yên - Hưng Yên","266","700","120","1086"
"64","subjectt74","Đặng Vương Trung Hiếu","Trường Trung học phổ thông chuyên Lương Văn Tụy - Ninh Bình","266","700","120","1086"
"66","phan_dang_hao","Phan Đăng Hào","Trường Trung học phổ thông chuyên Phan Bội Châu - Nghệ An","301","700","78","1079"
"67","Spy007","Nguyễn Quốc Thịnh","Trường Trung học phổ thông chuyên Tiền Giang - Tiền Giang","700","273","102","1075"
"68","Tommit_Teok4","Nguyễn Đăng Quang","Trường Trung học phổ thông chuyên Nguyễn Trãi - Hải Dương","315","700","54","1069"
"68","bqa100507","Bùi Quang Anh","Trường Trung học phổ thông chuyên Lý Tự Trọng - Cần Thơ","315","700","54","1069"
"70","truongnbhvttin2225","Nguyễn Bá Trường","Trường Trung học phổ thông chuyên Hoàng Văn Thụ - Hòa Bình","245","700","120","1065"
"71","PeaceDestroyer145","Trần Ngọc Tuấn Anh","Trường Trung học phổ thông chuyên Lê Quý Đôn - Quảng Trị","154","700","210","1064"
"72","Clams","","","315","700","48","1063"
"72","Ai_2007","Trịnh Quốc Bình","Trường Trung học phổ thông chuyên Biên Hòa - Hà Nam","315","700","48","1063"
"72","Quangthieunang","","","315","700","48","1063"
"75","Phus","Nguyễn Văn Cường Phú","Trường Trung học phổ thông chuyên Bắc Ninh - Bắc Ninh","315","700","42","1057"
"75","HinMint","Phạm Hiền Minh","Trường Trung học phổ thông chuyên Trần Phú - Hải Phòng","315","700","42","1057"
"75","ND01","Hoàng Minh Đức","Trường Trung học phổ thông chuyên Lê Hồng Phong - Nam Định","315","700","42","1057"
"78","itsQuang","Trịnh Minh Quang","Trường Trung học phổ thông chuyên Lý Tự Trọng - Cần Thơ","315","658","78","1051"
"79","nguyentien0101","Nguyễn Trọng Tiến","Trường Trung học phổ thông chuyên Hùng Vương - Bình Dương","126","700","210","1036"
"80","tolavkhang","Nguyễn Hồ Vĩnh Khang","Trường Trung học phổ thông chuyên Nguyễn Tất Thành - Kon Tum","315","658","54","1027"
"80","sangph2612","Phạm Thanh Sang","THPT Nguyễn Trung Trực - Bến Lức","315","658","54","1027"
"80","nathan4690","Nguyễn Viết Trung Nhân","Trường Trung học phổ thông chuyên Khoa học Tự nhiên - Trường Đại học Khoa học Tự nhiên, Đại học Quốc gia Hà Nội - Hà Nội","315","700","12","1027"
"83","ninhbinh04_kuz","ĐINH NGỌC CƯỜNG","Trường Trung học phổ thông chuyên Lương Văn Tụy - Ninh Bình","315","700","6","1021"
"84","dangcuber07","Lưu Hải Đăng","Trường Trung học phổ thông chuyên Nguyễn Trãi - Hải Dương","266","700","54","1020"
"85","doducanh01062007","Đỗ Đức Anh","Trường Trung học phổ thông chuyên Biên Hòa - Hà Nam","315","700","","1015"
"85","_alfr291","Vũ Ngọc Bình An, Lâm Đồng","THPT chuyên Bảo Lộc - Lâm Đồng","315","700","","1015"
"85","chungnopro22082007","Nguyễn Thành Chung","Trường Trung học phổ thông chuyên Hùng Vương - Phú Thọ","315","700","","1015"
"85","baoanhVjppro","Thái Bảo Anh","Trường Trung học phổ thông chuyên Nguyễn Du - Đắk Lắk","315","700","0","1015"
"85","VuKhoiNguyen","Vũ Khôi Nguyên","Trường Trung học phổ thông chuyên Hưng Yên - Hưng Yên","315","700","0","1015"
"90","anmattroi","Nguyễn Hải An","Trường Trung học phổ thông chuyên Nguyễn Trãi - Hải Dương","259","700","54","1013"
"91","hiensumi","Phạm Duy Hiển","Trường Trung học phổ thông chuyên Lê Khiết - Quảng Ngãi","175","700","120","995"
"92","NguyenPhuNhan","Nguyễn Phú Nhân","Trường Trung học phổ thông chuyên Lê Quý Đôn - Đà Nẵng","700","168","120","988"
"93","ninhbinh03_khang09","NGUYỄN ĐẠI KHANG","Trường Trung học phổ thông chuyên Lương Văn Tụy - Ninh Bình","700","287","","987"
"94","minh30082008","Nguyễn Tá Quang Minh","Trường Trung học phổ thông chuyên Bắc Ninh - Bắc Ninh","504","210","270","984"
"94","hoangnoobpro","Nguyễn Lê Huy Hoàng","Trường Trung học phổ thông chuyên Phan Bội Châu - Nghệ An","14","700","270","984"
"96","hiuwsss","Bùi Thành Hiếu","Trường Trung học phổ thông chuyên Hùng Vương - Gia Lai","161","700","120","981"
"97","NeOWamiITB","Hoàng Hồ Minh Quang","Trường Trung học phổ thông chuyên Bình Long - Bình Phước","315","210","450","975"
"98","VVUU","Phan Anh Vũ","Trường Trung học phổ thông chuyên Quang Trung - Bình Phước","154","700","120","974"
"99","trannhanminh","Trần Nhân Minh","Trường Trung học phổ thông chuyên Nguyễn Trãi - Hải Dương","266","700","6","972"
"100","trendbattles","Nguyễn Nguyễn Gia Bảo","Trường Trung học phổ thông chuyên Quốc Học - Thừa Thiên Huế","56","700","210","966"
"101","ngohuytin007","Ngô Huy Tín","Trường Trung học phổ thông chuyên Lê Quý Đôn - Bình Định","700","210","54","964"
"102","thinhsieucapvippro","Võ Quốc Thịnh","Trường Trung học phổ thông chuyên Lý Tự Trọng - Cần Thơ","315","518","120","953"
"103","nthquan1505","Nguyễn Trần Hoàng Quân","Trường Trung học phổ thông chuyên Lương Thế Vinh - Đồng Nai","126","700","120","946"
"104","Pham_Cong_Duc_Minh","Phạm Công Đức Minh","Trường Trung học phổ thông chuyên Hà Tĩnh - Hà Tĩnh","315","210","408","933"
"105","nguyenphucanhkhoi","Nguyễn Phúc Anh Khôi","Trường Trung học Phổ thông chuyên Nguyễn Quang Diêu - Đồng Tháp","140","700","78","918"
"105","totenlinh","Phạm Tuấn Linh","Trường Trung học phổ thông chuyên Biên Hòa - Hà Nam","154","644","120","918"
"105","Cheeee_shrimp_19","Vũ Phú Thành","Trường Trung học phổ thông chuyên Hoàng Văn Thụ - Hòa Bình","154","644","120","918"
"108","MinhCrafter","Nguyễn Ngọc Minh","Trường Trung học phổ thông chuyên Lê Quý Đôn - Đà Nẵng","315","553","48","916"
"109","hungmaxx","Hoàng Mạnh Hùng","Trường Trung học phổ thông chuyên Nguyễn Chí Thanh - Đắk Nông","154","700","48","902"
"110","wayzzjr","","","700","77","120","897"
"110","HUY_TRINH_1724","Trịnh Gia Huy","Trường Trung học phổ thông chuyên Hùng Vương - Bình Dương","119","700","78","897"
"112","binminh01","Nguyễn Nhật Minh","Trường Trung học phổ thông chuyên Khoa học Tự nhiên - Trường Đại học Khoa học Tự nhiên, Đại học Quốc gia Hà Nội - Hà Nội","700","70","120","890"
"112","chimcobayluon","𝓝𝓰𝓾𝔂𝓮̂̃𝓷 𝓣𝓪̂́𝓷 𝓣𝓱𝓪̀𝓷𝓱","Trường Trung học phổ thông chuyên Hoàng Văn Thụ - Hòa Bình","112","700","78","890"
"114","Helixdot__123","Nguyễn Ngọc Lân","Trường Trung học phổ thông chuyên Hưng Yên - Hưng Yên","700","140","48","888"
"115","sus","Võ Bá Thông","Trường Trung học phổ thông chuyên Nguyễn Du - Đắk Lắk","504","210","168","882"
"116","nguyenmautansang","Nguyễn Mậu Tấn Sang","Trường Trung học phổ thông chuyên Võ Nguyên Giáp - Quảng Bình","84","700","78","862"
"117","NguyenHuuNhatQuang","Nguyễn Hữu Nhật Quang","Trường Trung học phổ thông chuyên Lê Quý Đôn - Đà Nẵng","119","700","42","861"
"117","hieutaminh","Tạ Minh Hiếu, Ninh Bình","THPT chuyên Lương Văn Tụy - Ninh Bình","161","700","","861"
"119","huudai1832008","Nguyễn Hữu Đại","Trường Trung học phổ thông chuyên Hùng Vương - Bình Dương","154","700","0","854"
"120","thesoleft","Nguyễn Hải Minh","Trường Trung học phổ thông chuyên Lam Sơn - Thanh Hóa","154","644","48","846"
"121","ND07","Trần Minh Thắng","Trường Trung học phổ thông chuyên Lê Hồng Phong - Nam Định","91","700","54","845"
"122","lamlamjjdo","quabuonngu","Trường Trung học phổ thông chuyên Bắc Ninh - Bắc Ninh","56","700","78","834"
"122","luuphucvinh","Lưu Phúc Vinh","Trường Trung học phổ thông chuyên Trần Phú - Hải Phòng","14","700","120","834"
"122","tainguyen217","Nguyễn Tiến Tài","Trường Trung học phổ thông chuyên Hùng Vương - Phú Thọ","504","210","120","834"
"122","tien9d2","Đặng Minh Tiến","Trường Trung học phổ thông chuyên Hạ Long - Quảng Ninh","14","700","120","834"
"122","thanhphile983","Lê Thanh Phi","Trường Trung học phổ thông chuyên Lê Khiết - Quảng Ngãi","14","700","120","834"
"127","hoanglong1643","","","126","700","","826"
"128","ninhanhvuk7","Ninh Anh Vũ","Trường Trung học phổ thông chuyên Sơn La - Sơn La","126","644","54","824"
"129","sadboizzz","Ninh Quang Thắng","Trường Trung học phổ thông chuyên Hạ Long - Quảng Ninh","0","210","600","810"
"130","phuckanh","Trần Phúc Khánh","Trường Trung học phổ thông chuyên Lê Hồng Phong - Thành phố Hồ Chí Minh","154","651","","805"
"131","buivietthanh","Bùi Viết Thành","Trường Trung học phổ thông chuyên Lương Thế Vinh - Đồng Nai","56","700","42","798"
"132","minhbinhhoang","Hoàng Bình Minh","Trường Trung học phổ thông chuyên Lê Quý Đôn - Quảng Trị","504","70","210","784"
"133","quocbao123_","Nguyễn Trần Quốc Bảo","Trường Trung học phổ thông chuyên Hà Tĩnh - Hà Tĩnh","49","644","78","771"
"134","connornguyxn","Nguyễn Tấn Dũng, Phú Thọ","THPT chuyên Hùng Vương - Phú Thọ","350","210","210","770"
"135","florentinoss","Dương Xuân Quân","Trường Trung học phổ thông chuyên Lê Quý Đôn - Quảng Trị","14","700","54","768"
"136","phungminhdung10tin","Phùng Minh Dũng","Trường Trung học phổ thông chuyên Nguyễn Trãi - Hải Dương","56","700","","756"
"137","HWE","Thiều Nguyễn Huy","Trường Trung học phổ thông chuyên Lê Quý Đôn - Đà Nẵng","42","700","","742"
"138","VoThanhHai","Võ Thanh Hải","Trường Trung học phổ thông chuyên Nguyễn Du - Đắk Lắk","315","210","210","735"
"139","No_Name_","Đỗ Pirlo","Trường Trung học phổ thông chuyên Hùng Vương - Bình Dương","14","700","0","714"
"140","TinK30_HTManh","Hoàng Tiến Mạnh","Trường Trung học phổ thông chuyên Bắc Ninh - Bắc Ninh","504","196","12","712"
"141","HThinh","Trần Huỳnh Hữu Thịnh","Trường Trung học phổ thông chuyên Lê Thánh Tông - Quảng Nam","","700","","700"
"141","Anphat","Nguyễn An Phát","Trường Trung học phổ thông chuyên Chu Văn An - Bình Định","700","","","700"
"141","nguyentai090908","La Nguyên Tài","Trường THCS & THPT Đống Đa - Lâm Đồng","700","","0","700"
"141","HieuKun","Nguyễn Minh Hiệu","","","700","","700"
"141","chaoschicken123","Nhữ Thành Đạt","Trường Trung học phổ thông chuyên Trần Phú - Hải Phòng","","700","","700"
"141","nguyhoangphu","","","700","","","700"
"141","TrietPD","Phan Đình Triết","Trường Trung học phổ thông chuyên Lê Quý Đôn - Đà Nẵng","","700","","700"
"141","ThienNhann","Nguyễn Diên Thiện Nhân","Trường Trung học phổ thông chuyên Đại học Vinh - Trường Đại học Vinh - Nghệ An","700","","","700"
"141","PhanHuyKhang","Phan Huy Khang","Trường Trung học phổ thông chuyên Lê Quý Đôn - Đà Nẵng","700","","","700"
"141","vuongvietligt","Vương Viết Lượng","Trường Trung học phổ thông chuyên Đại học Vinh - Trường Đại học Vinh - Nghệ An","700","","","700"
"141","hocsinhchuyenhoa","Vũ Đình Hưng","Trường Trung học phổ thông chuyên Đại học Vinh - Trường Đại học Vinh - Nghệ An","700","","","700"
"152","HieuNgan","","","560","70","54","684"
"153","Son2008","Nguyễn Phúc Hải Sơn","Trường Trung học phổ thông chuyên Hà Tĩnh - Hà Tĩnh","350","203","120","673"
"154","dangduc2102","Đặng Minh Đức","Trường Trung học phổ thông chuyên Hùng Vương - Phú Thọ","315","308","48","671"
"155","duong3982","Hoàng Dương","Trường Trung học phổ thông chuyên Nguyễn Huệ - Hà Nội","315","140","210","665"
"156","Tatooka","Phạm Nguyễn Thiên Tường","Trường Trung học phổ thông chuyên Huỳnh Mẫn Đạt - Kiên Giang","238","210","210","658"
"156","kimnhatdev1106","Trần Kim Nhật","Trường THPT Hương Khê","378","70","210","658"
"158","dnhat","Mai Đình Nhật","Trường Trung học phổ thông chuyên Hùng Vương - Bình Dương","315","","342","657"
"159","baoheyhey","Nguyễn Thái Bảo","Trường Trung học phổ thông chuyên Nguyễn Đình Chiểu - Đồng Tháp","315","210","120","645"
"159","tronghuy","Nguyễn Phú Trọng","Trường Trung học phổ thông chuyên Nguyễn Tất Thành - Kon Tum","315","210","120","645"
"161","bngphuc","Bùi Nguyên Phúc","Trường Trung học phổ thông chuyên Quang Trung - Bình Phước","504","7","120","631"
"162","bunsmvm","Mai Ngọc Phú","Trường Trung học phổ thông chuyên Lê Khiết - Quảng Ngãi","343","70","210","623"
"163","khangnguyen1211","Nguyễn Đức Khang","Trường Trung học phổ thông chuyên Nguyễn Trãi - Hải Dương","140","210","270","620"
"164","Bui_Quoc_Cuong","Bùi Quốc Cường","Trường Trung học phổ thông chuyên Lê Khiết - Quảng Ngãi","343","63","210","616"
"165","thefless","Vũ Nguyễn Anh Khoa","Trường Trung học phổ thông chuyên Hùng Vương - Bình Dương","189","210","210","609"
"166","npmquan2008","Nguyễn Phú Minh Quân","Trường Trung học phổ thông chuyên Thoại Ngọc Hầu - An Giang","126","70","408","604"
"167","ND10","Lương Mạnh Hiếu","Trường Trung học phổ thông chuyên Lê Hồng Phong - Nam Định","147","336","120","603"
"168","nhatday1","Lê Trần Long Nhật","Trường Trung học phổ thông chuyên Quang Trung - Bình Phước","","602","0","602"
"168","aajayagh","Ngô Thảo Anh","Trường Trung học phổ thông chuyên Lê Quý Đôn - Bà Rịa – Vũng Tàu","252","308","42","602"
"170","minhanh0201","Hoàng Minh Anh","Trường Trung học phổ thông chuyên Nguyễn Du - Đắk Lắk","315","70","210","595"
"170","ndtnbk","Nguyễn Đình Tài","Trường Trung học phổ thông chuyên Nguyễn Chí Thanh - Đắk Nông","315","70","210","595"
"170","AnhSieu","Dương Anh Kiệt","Trường Trung học phổ thông chuyên Huỳnh Mẫn Đạt - Kiên Giang","315","70","210","595"
"170","nho","Nguyễn Ngọc Nhớ","Trường Trung học phổ thông chuyên Lý Tự Trọng - Cần Thơ","175","210","210","595"
"174","nthao1004","Nguyễn Thị Phương Thảo","Trường Trung học phổ thông chuyên Nguyễn Trãi - Hải Dương","504","0","90","594"
"175","datmacoder","Hoàng Thế Thành Đạt","Trường Trung học phổ thông chuyên Võ Nguyên Giáp - Quảng Bình","455","14","120","589"
"176","Tame","Phan Anh Tuấn","Trường Trung học phổ thông chuyên Lê Quý Đôn - Bình Định","315","210","54","579"
"177","hungnguyenmanh2k8","Nguyễn Mạnh Hùng","Trường Trung học phổ thông chuyên Hưng Yên - Hưng Yên","448","7","120","575"
"178","ngocson","Nguyễn Ngọc Sơn","Trường Trung học phổ thông chuyên Lê Hồng Phong - Nam Định","154","210","210","574"
"179","phamducminh538","Phạm Đức Minh","Trường Trung học phổ thông chuyên Võ Nguyên Giáp - Quảng Bình","266","70","210","546"
"180","KurimiyaMirai","Giang Quang Thắng","Trường Trung học phổ thông chuyên Nguyễn Tất Thành - Yên Bái","280","210","48","538"
"181","huyngu235","Đỗ Gia Huy","Trường Trung học phổ thông chuyên Nguyễn Du - Đắk Lắk","315","210","12","537"
"181","huykhanh07hd","Đặng Huy Khánh","Trường Trung học phổ thông chuyên Nguyễn Trãi - Hải Dương","315","210","12","537"
"183","ntminh2409","Nguyễn Tấn Minh","Trường Trung học phổ thông chuyên Quốc Học - Thừa Thiên Huế","14","210","312","536"
"184","hihihah","Nguyễn Tiến Thành","Trường Trung học phổ thông chuyên Lam Sơn - Thanh Hóa","196","210","120","526"
"185","maithehung123","","","315","","210","525"
"186","hlongze","Trần Hoàng Long","Trường Trung học phổ thông chuyên Lê Quý Đôn - Bà Rịa – Vũng Tàu","154","154","210","518"
"187","ND02","Đặng Mai Chi","Trường Trung học phổ thông chuyên Lê Hồng Phong - Nam Định","504","7","0","511"
"188","lambestcode","Hồ Gia Lâm","Trường Trung học phổ thông chuyên Nguyễn Chí Thanh - Đắk Nông","455","","54","509"
"189","vnedu","","","504","","","504"
"189","namprozz","Đặng Hoàng Nam","Trường Trung học phổ thông chuyên Thăng Long - Lâm Đồng","287","7","210","504"
"191","sitingfake","Ngô Duy Trạng","Trường Trung học phổ thông chuyên Tiền Giang - Tiền Giang","448","","54","502"
"192","patrickngo2007","Ngô Minh Đạt","Trường Trung học phổ thông chuyên Nguyễn Tất Thành - Yên Bái","392","56","48","496"
"193","anh788307","Hoàng Anh","Trường Trung học phổ thông chuyên Trần Phú - Hải Phòng","294","70","120","484"
"193","SussyCoder","Hoàng Lê Tuấn Nam","Trường Trung học phổ thông chuyên Bình Long - Bình Phước","154","210","120","484"
"195","HuyDarwin","Phạm Hồng Huy","Trường Trung học phổ thông chuyên Nguyễn Trãi - Hải Dương","147","210","120","477"
"196","trtduong301","Trương Tiến Dương","Trường Trung học phổ thông chuyên Hùng Vương - Gia Lai","350","70","54","474"
"197","ewfgdfgdfg","Lê Trịnh Duy Bình","Trường Trung học phổ thông chuyên Bình Long - Bình Phước","154","196","120","470"
"198","khoaha123","Hà Nhật Khoa","Trường Trung học phổ thông chuyên Huỳnh Mẫn Đạt - Kiên Giang","189","70","210","469"
"199","phancddev","Phan Công Dũng","Trường Trung học phổ thông chuyên Quốc Học - Thừa Thiên Huế","315","70","78","463"
"199","TheFallenOne","Nguyễn Dĩ Thái","Trường Trung học phổ thông chuyên Nguyễn Du - Đắk Lắk","315","70","78","463"
"201","ND08","Trần Trung Kiên","Trường Trung học phổ thông chuyên Lê Hồng Phong - Nam Định","266","140","48","454"
"202","VuongQuocHuy","Vương Quốc Huy","Trường Trung học phổ thông chuyên Hùng Vương - Bình Dương","231","210","12","453"
"203","haianhnguyen08102007","Nguyễn Lưu Hải Anh","Trường Trung học phổ thông chuyên Huỳnh Mẫn Đạt - Kiên Giang","315","70","54","439"
"203","vuongkm","Kiều Minh Vương","Trường Trung học phổ thông chuyên Hùng Vương - Phú Thọ","315","70","54","439"
"205","tminh_hk20","Trương Tấn Minh","Trường Trung học phổ thông chuyên Quang Trung - Bình Phước","315","","120","435"
"206","NPGH_123","Nguyễn Phạm Gia Huy","Trường Trung học phổ thông chuyên Lê Khiết - Quảng Ngãi","161","63","210","434"
"206","hungtien2202","Trần Hưng Tiến","Trường Trung học phổ thông chuyên Quốc Học - Thừa Thiên Huế","154","70","210","434"
"208","minhphu29072008","Nguyễn Duy Mình Phú","Trường Trung học phổ thông chuyên Quốc Học - Thừa Thiên Huế","315","70","48","433"
"209","letrungggg","Nguyễn Lê Trung","Trường Trung học phổ thông chuyên Bắc Ninh - Bắc Ninh","126","294","12","432"
"210","Kotoha","Nguyễn Thúc Trung Kiên","Trường Trung học phổ thông chuyên Quốc Học - Thừa Thiên Huế","133","252","42","427"
"211","tranquockhanh244","Trần Quốc Khánh","Trường Trung học phổ thông chuyên Thăng Long - Lâm Đồng","420","","","420"
"212","huyquang_25","Lê Quang Huy","Trường Trung học phổ thông chuyên Võ Nguyên Giáp - Quảng Bình","154","252","12","418"
"213","trietlailaptrinh","Huỳnh Minh Triết","Trường Trung học phổ thông chuyên Huỳnh Mẫn Đạt - Kiên Giang","364","0","48","412"
"214","DL_TranNguyenKhanh2007","Trần Nguyên Khánh","Trường Trung học phổ thông chuyên Nguyễn Du - Đắk Lắk","175","105","120","400"
"215","buon_choi96","","","119","63","210","392"
"216","abcd_1234","Dương Anh Kiệt","Trường Trung học Phổ thông chuyên Nguyễn Quang Diêu - Đồng Tháp","273","70","48","391"
"217","txdat","Trần Xuân Đạt","Trường Trung học phổ thông chuyên Võ Nguyên Giáp - Quảng Bình","308","14","42","364"
"218","theanhcoder","Nguyễn Trần Thế Anh","Trường Trung học phổ thông chuyên Nguyễn Tất Thành - Yên Bái","133","182","48","363"
"219","nguyentrieuvy123","","Trường Trung học phổ thông chuyên Nguyễn Thị Minh Khai - Sóc Trăng","343","7","12","362"
"220","Infinity","Lê Nguyễn Hiếu An","Trường Trung học phổ thông chuyên Nguyễn Đình Chiểu - Đồng Tháp","315","","42","357"
"221","tolapuoiii","Bùi Nguyên Vũ","Trường Trung học phổ thông chuyên Hoàng Văn Thụ - Hòa Bình","35","196","120","351"
"222","HickWhither","Bùi Thiệu Khiêm","Trường Trung học phổ thông chuyên Nguyễn Tất Thành - Kon Tum","350","","","350"
"222","minhquanz","Nguyễn Minh Đức","Trường Trung học phổ thông chuyên Đại học Vinh - Trường Đại học Vinh - Nghệ An","350","","","350"
"224","PROCLASS123","Lưu Thành Long","Trường Trung học phổ thông chuyên Quang Trung - Bình Phước","154","70","120","344"
"224","pntho1502","Phạm Ngọc Thơ","Trường Trung học phổ thông chuyên Hà Tĩnh - Hà Tĩnh","154","70","120","344"
"224","VuQuangSang","Vũ Quang Sáng","Trường Trung học phổ thông chuyên Lê Khiết - Quảng Ngãi","14","210","120","344"
"227","Dreamy_lovesper","Giáp Trinh Đăng","Trường Trung học phổ thông chuyên Nguyễn Tất Thành - Kon Tum","343","","0","343"
"228","chinhly","Lý Nguyễn Công Chính","Trường Trung học phổ thông Quang Trung - Bình Định","189","70","78","337"
"228","Laungocbao","Làu Ngọc Bảo","Trường Trung học phổ thông chuyên Nguyễn Chí Thanh - Đắk Nông","154","63","120","337"
"230","HoaBanMaTuy","Nguyễn Nhân Hòa","Trường Trung học phổ thông chuyên Lam Sơn - Thanh Hóa","315","21","","336"
"231","trinhtung","Trịnh Thế Tùng","Trường Trung học phổ thông chuyên Lam Sơn - Thanh Hóa","315","14","","329"
"232","Vuongduy","Trần Hữu Vương Duy","Trường Trung học phổ thông chuyên Trần Hưng Đạo - Bình Thuận","322","","","322"
"233","hieuhfgr","Nguyễn Minh Hiếu","Trường Trung học phổ thông Chi Lăng - Gia Lai","126","70","120","316"
"234","hellojason970","","","315","","","315"
"234","dioman","bao dai","bảo đại","315","","","315"
"234","mduchello","Nguyễn Minh Đức","Trường Trung học phổ thông chuyên Đại học Vinh - Trường Đại học Vinh - Nghệ An","315","","","315"
"234","goten2308","Hà Công Anh","Trường Trung học phổ thông chuyên Tuyên Quang - Tuyên Quang","315","","","315"
"234","hungnt","Nguyễn Tuấn Hưng","Trường Trung học phổ thông chuyên Lam Sơn - Thanh Hóa","315","0","","315"
"234","tranminhtrietdeptrai","Trần Minh Triết","Trường Trung học phổ thông chuyên Phan Bội Châu - Nghệ An","315","","","315"
"234","giabaotq07","Lý Gia Bảo","Trường Trung học phổ thông chuyên Tuyên Quang - Tuyên Quang","315","0","","315"
"241","snow1994","Lê Thanh Bình","Trường Trung học phổ thông chuyên Quang Trung - Bình Phước","154","35","120","309"
"242","thanhAOC123","Trần Tiến Thành","Trường Trung học phổ thông chuyên Nguyễn Tất Thành - Yên Bái","154","70","78","302"
"242","ngdu123","Nguyễn Quang Duy","Trường Trung học phổ thông chuyên Trần Phú - Hải Phòng","154","70","78","302"
"242","ND04","Nguyễn Duy Cương","Trường Trung học phổ thông chuyên Lê Hồng Phong - Nam Định","154","70","78","302"
"245","Sherwin","Hoàng Đình Hải Vương","Trường Trung học phổ thông chuyên Nguyễn Du - Đắk Lắk","252","","48","300"
"246","cuctuyetaz258","Nguyễn Thị Ánh Tuyết","Trường Trung học phổ thông chuyên Nguyễn Chí Thanh - Đắk Nông","7","210","78","295"
"247","daobao27","Đào Nguyễn Gia Bảo","Trường Trung học phổ thông chuyên Bắc Ninh - Bắc Ninh","14","70","204","288"
"248","ngda290307","Nguyễn Duy Anh","Trường Trung học phổ thông chuyên Sơn La - Sơn La","154","7","120","281"
"249","TrungBac2105","Phan Trung Bạc","Trường Trung học phổ thông Chu Văn An - Đồng Tháp","","70","210","280"
"249","hpt279","Hoàng Phú Thiện","Trường Trung học phổ thông chuyên Quang Trung - Bình Phước","","70","210","280"
"251","dongpro3lol","Nguyễn Thành Đông","Trường Trung học phổ thông chuyên Huỳnh Mẫn Đạt - Kiên Giang","266","","12","278"
"252","sumopro","Đỗ Hoàng Minh","Trường Trung học phổ thông chuyên Bình Long - Bình Phước","14","210","48","272"
"253","vdtue","Võ Đăng Tuệ","Trường Trung học phổ thông Chi Lăng - Gia Lai","119","70","78","267"
"254","Phuoc2k7","Phạm Gia Phước","Trường Trung học phổ thông chuyên Lê Quý Đôn - Bình Định","154","70","42","266"
"254","lkva2019","Lê Kim Việt Anh","Trường Trung học phổ thông chuyên Nguyễn Du - Đắk Lắk","266","","","266"
"254","huyjav","Nguyễn Gia Huy","Trường Trung học phổ thông chuyên Hưng Yên - Hưng Yên","266","","","266"
"257","justiin","Trần Đại Nghĩa","Trường Trung học phổ thông chuyên Tuyên Quang - Tuyên Quang","14","196","54","264"
"258","approx","Nguyễn Minh Khang","Trường Trung học phổ thông chuyên Lý Tự Trọng - Cần Thơ","182","28","48","258"
"259","nnnam290508","Nguyễn Nhựt Nam","Trường Trung học Phổ thông chuyên Nguyễn Quang Diêu - Đồng Tháp","126","70","54","250"
"259","ngvu0407","Nguyễn Quố Vũ","Trường Trung học phổ thông chuyên Sơn La - Sơn La","133","63","54","250"
"261","AhohoFjq","Đặng Thái Kim","Trường Trung học phổ thông Chi Lăng - Gia Lai","119","7","120","246"
"261","Terence","Trần Thế Thông","Trường Trung học phổ thông chuyên Nguyễn Thị Minh Khai - Sóc Trăng","119","7","120","246"
"263","Zylenox","Phạm Hải Đăng","Trường Trung học phổ thông chuyên Hưng Yên - Hưng Yên","154","7","78","239"
"264","sarocdnik","","","154","","78","232"
"265","nguyentrongtan","Nguyễn Trọng Tấn","Trường Trung học phổ thông chuyên Sơn La - Sơn La","14","7","210","231"
"265","sirseven","Huỳnh Minh Triết","Trường Trung học phổ thông chuyên Lê Khiết - Quảng Ngãi","21","","210","231"
"267","nmtri099019","Nguyễn Minh Trí","Trường Trung học Phổ thông chuyên Nguyễn Quang Diêu - Đồng Tháp","154","70","0","224"
"268","Tk5328","Huỳnh Tuấn Khiêm","Trường Trung học phổ thông chuyên Nguyễn Thị Minh Khai - Sóc Trăng","21","70","120","211"
"269","Phucc","Nguyễn Hữu Phúc","Trường Trung học phổ thông chuyên Lê Quý Đôn - Quảng Trị","","210","","210"
"270","XPhuoc","","","154","","54","208"
"271","VuHoaiBang","Vũ Hoài Băng","","154","7","42","203"
"272","duonggofficial","Đỗ Ngọc Dương","Trường Trung học phổ thông chuyên Nguyễn Chí Thanh - Đắk Nông","","63","120","183"
"273","nguyenvuminh0907","Nguyễn Vũ Minh, Hải Phòng","THPT chuyên Trần Phú - Hải Phòng","56","70","54","180"
"274","nguyenthinhuquynh","Nguyễn Thị Như Quỳnh","Trường Trung học phổ thông chuyên Võ Nguyên Giáp - Quảng Bình","119","14","42","175"
"275","datbuonia171","Nguyễn Thành Đạt","Trường Trung học phổ thông chuyên Hưng Yên - Hưng Yên","112","7","54","173"
"276","ttttttttttt","Nguyễn Thanh Tú","Trường Trung học phổ thông chuyên Hà Tĩnh - Hà Tĩnh","35","14","120","169"
"276","lime","","","42","7","120","169"
"278","trieuphucthinh77","Triệu Phúc Thịnh","free fire","14","70","78","162"
"278","garrin","trần lê nhật quang","Trường Trung học phổ thông chuyên Tuyên Quang - Tuyên Quang","14","70","78","162"
"280","tuanminh510467","Trịnh Hữu Tuấn Minh","Trường Trung học phổ thông chuyên Bắc Giang - Bắc Giang","154","","","154"
"280","Kphong","Nguyễn Khánh Phong","Trường Trung học phổ thông chuyên Tuyên Quang - Tuyên Quang","154","","","154"
"280","iamdgl208","Đoàn Gia Long","Trường Trung học phổ thông chuyên Lê Quý Đôn - Quảng Trị","154","","0","154"
"280","tayninh5hlk","Đỗ Gia Huy","Trường Trung học phổ thông chuyên Hoàng Lê Kha - Tây Ninh","154","","","154"
"284","ntlinh","Nguyễn Thảo Linh","Trường Trung học phổ thông chuyên Lê Quý Đôn - Điện Biên","","70","78","148"
"285","RevolutionzXD","Nguyễn Thiện Nhân","Trường Trung học phổ thông chuyên Hùng Vương - Gia Lai","147","","","147"
"286","cpp_nopro","Ngô Viết Tình","Trường Trung học phổ thông chuyên Hùng Vương - Phú Thọ","98","","48","146"
"287","XuanHieu_TQ","Đinh Xuân Hiếu","Trường Trung học phổ thông chuyên Tuyên Quang - Tuyên Quang","14","7","120","141"
"287","nguyenhoangminhkhanh23","Nguyễn Hoàng Minh Khánh","Trường Trung học phổ thông chuyên Tiền Giang - Tiền Giang","21","","120","141"
"287","magus123","Nguyễn Tấn Kiệt","Trường Trung học Phổ thông chuyên Nguyễn Quang Diêu - Đồng Tháp","14","7","120","141"
"290","lmeo","Lê Quang Anh","Trường Trung học phổ thông chuyên Nguyễn Tất Thành - Yên Bái","14","","120","134"
"290","Ak2k8","Võ Hoài Anh Khoa","Trường Trung học phổ thông chuyên Quốc Học - Thừa Thiên Huế","14","","120","134"
"290","tayninh2hlk","Nguyễn Hữu Quang","Trường Trung học phổ thông chuyên Hoàng Lê Kha - Tây Ninh","14","","120","134"
"293","ducanhnguyen","Nguyễn Đức Anh","Trường Trung học phổ thông chuyên Nguyễn Chí Thanh - Đắk Nông","14","70","48","132"
"294","AntiTichPhan","Lê việt anh","Trường Trung học phổ thông chuyên Lê Quý Đôn - Điện Biên","119","7","0","126"
"295","diablosaga2009","Phạm Quốc Hưng","Trường Trung học phổ thông chuyên Nguyễn Du - Đắk Lắk","119","","6","125"
"296","lequanglam0331","Lê Quang Lâm","Trường Trung học phổ thông chuyên Nguyễn Tất Thành - Yên Bái","","","120","120"
"296","SP_Caramen","Đỗ Việt Khánh","Trường Trung học phổ thông chuyên Lê Quý Đôn - Bình Định","","","120","120"
"296","minhchau1101","Phan Minh Châu","Trường Trung học phổ thông chuyên Nguyễn Du - Đắk Lắk","","","120","120"
"296","Lamp","Vũ Hoàng Phương Lam","Trường Trung học phổ thông chuyên Hùng Vương - Bình Dương","","","120","120"
"300","hihihi111","Khoàng Tiến Dũng","Trường Trung học phổ thông chuyên Lê Quý Đôn - Điện Biên","119","","","119"
"300","Tuan_backdes","Đạt đẹp trai vãi nhái","Trường Trung học phổ thông chuyên Lê Quý Đôn - Điện Biên","119","0","","119"
"300","khanhtam2406","Phạm Khánh Tâm","Trường Trung học Phổ thông chuyên Nguyễn Quang Diêu - Đồng Tháp","119","","","119"
"303","KTD","Khương Tiến Đạt","Trường Trung học phổ thông chuyên Hoàng Văn Thụ - Hòa Bình","112","","","112"
"304","nnnn_nnnn","","","14","14","78","106"
"305","trieukhang08","Trương Triệu Khang","Trường Trung học phổ thông chuyên Huỳnh Mẫn Đạt - Kiên Giang","21","","78","99"
"306","thandosonanh","Thân Đỗ Sơn Anh","Trường Trung học phổ thông chuyên Tuyên Quang - Tuyên Quang","42","","54","96"
"307","nguyendanghung","Nguyễn Đăng Hưng","Trường Trung học phổ thông chuyên Lý Tự Trọng - Cần Thơ","","7","78","85"
"308","Luattapcode","Huỳnh Quốc Luật","THPT Chuyên Lê Khiết","","","78","78"
"309","TEO_TEO","Trần Minh Quốc","Trường Trung học phổ thông chuyên Huỳnh Mẫn Đạt - Kiên Giang","35","0","42","77"
"310","trungquanhihi","Võ Đồng Trung Quân","Trường Trung học phổ thông chuyên Nguyễn Thị Minh Khai - Sóc Trăng","0","70","6","76"
"311","trieulongquan10a2","Triệu Long Quân","Trường Trung học phổ thông chuyên Nguyễn Thị Minh Khai - Sóc Trăng","14","7","54","75"
"312","Mahirunn","Trần Quốc Khánh","Trường Trung học phổ thông chuyên Tuyên Quang - Tuyên Quang","14","7","42","63"
"312","trinhvtuan","Trịnh Văn Tuấn","Trường Trung học phổ thông chuyên Lê Thánh Tông - Quảng Nam","56","7","","63"
"314","K32VuThiNgocAnh","Vũ Thị Ngọc Anh","Trường Trung học phổ thông chuyên Bắc Giang - Bắc Giang","7","0","54","61"
"315","alskdj","Đào Anh Việt","Trường Trung học phổ thông chuyên Thăng Long - Lâm Đồng","56","","","56"
"315","letrungvinh2007","Lê Trung Vinh","Trường Trung học phổ thông chuyên Nguyễn Thị Minh Khai - Sóc Trăng","14","42","","56"
"317","XuanTungct","Nguyễn Xuân Tùng","Trường Trung học phổ thông chuyên Nguyễn Du - Đắk Lắk","","","48","48"
"317","vubaokhanh","Vũ Bảo Khanh","Trường Trung học phổ thông chuyên Sơn La - Sơn La","","","48","48"
"317","leduythanh1506","Lê Duy Thành","Trường Trung học phổ thông chuyên Lê Khiết - Quảng Ngãi","","","48","48"
"320","tayninh3hlk","Võ Phước Gia Phú","Trường Trung học phổ thông chuyên Hoàng Lê Kha - Tây Ninh","14","7","12","33"
"321","tayninh6hlk","Lê Nhựt Trí","Trường Trung học phổ thông chuyên Hoàng Lê Kha - Tây Ninh","28","","","28"
"322","tayninh1hlk","Lê Nguyễn Gia Huy","Trường Trung học phổ thông chuyên Hoàng Lê Kha - Tây Ninh","14","","","14"
"322","24MTTN193","Nguyễn Lê Khánh Nguyên","Trường Trung học phổ thông chuyên Trần Hưng Đạo - Bình Thuận","7","7","","14"
"322","dang08052008","","","14","","","14"
"322","ninhbinh09","NGUYỄN TRUNG KIÊN","Trường Trung học phổ thông chuyên Lương Văn Tụy - Ninh Bình","14","","","14"
"326","kqhuy","Kiều Quang Huy","Trường Trung học phổ thông chuyên Trần Hưng Đạo - Bình Thuận","","7","","7"
"326","snooze","Nguyễn Khắc Thụy","Trường Trung học phổ thông chuyên Trần Hưng Đạo - Bình Thuận","","7","","7"
"328","anhvungoc1712","Vũ Nguyên Dương","Trường Trung học phổ thông chuyên Đại học Vinh - Trường Đại học Vinh - Nghệ An","","","","0"
"328","manh","Vũ Bá Mạnh","Trường Trung học phổ thông chuyên Hùng Vương - Gia Lai","","","","0"
"328","fauz","","","","","","0"
"328","dungdao","Đào Quang Dũng","Trường Trung học phổ thông chuyên Sơn La - Sơn La","","","","0"
"328","levuanhtin31","Lê Vũ Anh Tin","Trường Trung học phổ thông chuyên Nguyễn Du - Đắk Lắk","","","","0"
"328","buihuytuan","Bùi Huy Tuấn","Trường Trung học phổ thông chuyên Vĩnh Phúc - Vĩnh Phúc","","","","0"
"328","superpro20092005","Lê Hiếu","Trường Trung học phổ thông chuyên Nguyễn Du - Đắk Lắk","","","","0"
"328","haventers","Lê Quốc Thịnh","Trường Trung học phổ thông chuyên Nguyễn Đình Chiểu - Đồng Tháp","","","","0"
"328","lemon4life","Hoàng Nguyên Anh","Trường Trung học phổ thông chuyên Quốc Học - Thừa Thiên Huế","","","","0"
"328","lamhungvi","Lâm Hùng Vĩ, Sóc Trăng","THPT chuyên Nguyễn Thị Minh Khai - Sóc Trăng","","","","0"
"328","theBabyFish","Phạm Trung Duy","Trường Trung học phổ thông chuyên Lê Quý Đôn - Quảng Trị","","","","0"
"328","Huyyy1","","","","","","0"
"328","hoangnguyenle74","Nguyễn Lê Hoàng","Trường Trung học phổ thông chuyên Lương Văn Chánh - Phú Yên","","","","0"
"328","TvNK1225","Trần Vũ Nguyên Khôi","Trường Trung học phổ thông chuyên Đại học Vinh - Trường Đại học Vinh - Nghệ An","","","","0"
"328","TuanAnhcerti","Nguyễn Trần Tuấn Anh","Trường Trung học phổ thông chuyên Nguyễn Tất Thành - Kon Tum","","","","0"
"328","20vukhacminh","Vũ Khắc Minh","Trường Trung học phổ thông chuyên Biên Hòa - Hà Nam","","","","0"
"328","daothangthangdao","Đào Đức Thắng","Trường Trung học phổ thông chuyên Sơn La - Sơn La","","","0","0"
"328","TgX_2","Bùi Đình Lộc","Trường Trung học phổ thông chuyên Hùng Vương - Bình Dương","","","","0"
"328","DuyPhamm","Phạm Minh Duy","Trường Phổ thông Năng khiếu - Đại học Quốc gia Thành phố Hồ Chí Minh - Thành phố Hồ Chí Minh","","","","0"
"328","cbh_k64_tue","Nguyễn Đức Tuệ","Trường Trung học phổ thông chuyên Biên Hòa - Hà Nam","","","","0"
"328","01LeHoangAn","Lê Hoàng An","Trường Trung học phổ thông chuyên Biên Hòa - Hà Nam","","","","0"
"328","hmuhmuhmu","NHG","","","","","0"
"328","Art","Bùi Hải Đăng","Trường Trung học phổ thông chuyên Biên Hòa - Hà Nam","","","","0"
"328","Zero_OP","Lê Lâm","Trường Trung học phổ thông chuyên Lê Hồng Phong - Thành phố Hồ Chí Minh","","","","0"
"328","Shiba_Engine","Nguyễn Nhật Anh","Trường Trung học phổ thông chuyên Lương Văn Chánh - Phú Yên","","","","0"
"328","khang_301008","Nguyễn An Khang","Trường Trung học phổ thông chuyên Lê Khiết - Quảng Ngãi","","","0","0"
"328","Mike_Vu","Vũ Hoàng Anh Quân","Trường Trung học phổ thông chuyên Lê Hồng Phong - Thành phố Hồ Chí Minh","","","","0"
"328","hungeazyITistrue","Nguyễn Thái Hưng","THPT Chuyên Lê Quý Đôn - Khánh Hòa","","","","0"
"328","ninhbinh007_seven","BÙI TÙNG LINH","Trường Trung học phổ thông chuyên Lương Văn Tụy - Ninh Bình","","","","0"
"328","chikimiri","","","","","","0"
"328","ntdung254","Nguyễn Tấn Dũng","Trường Trung học phổ thông chuyên Trần Hưng Đạo - Bình Thuận","","","","0"
"328","Tayninh4hlk","Đỗ Quang Thành","Trường Trung học phổ thông chuyên Hoàng Lê Kha - Tây Ninh","","","","0"
"328","JustAPlainHuman","Nguyễn Minh Tuấn","Trường Trung học phổ thông chuyên Hạ Long - Quảng Ninh","","","","0"
"328","HOANGNGUYENHUYNH","Huỳnh Hoàng Nguyên","Trường Trung học phổ thông chuyên Nguyễn Tất Thành - Kon Tum","","","","0"
"328","Doannhatanh_1312","Đoàn Nhật Anh","Trường Trung học phổ thông chuyên Hùng Vương - Gia Lai","","","","0"
"328","nguyenleson112008","Nguyễn Lê Ngọc Sơn","Trường Trung học phổ thông chuyên Đại học Vinh - Trường Đại học Vinh - Nghệ An","","","","0"
"328","nghung","Nguyễn Mạnh Hùng","Trường Trung học phổ thông chuyên Hùng Vương - Bình Dương","","","","0"
"328","thaibeo123","Nguyễn Xuân Thái","Trường Phổ thông Năng khiếu - Đại học Quốc gia Thành phố Hồ Chí Minh - Thành phố Hồ Chí Minh","","","","0"
"328","doquangnghia","Đỗ Quang Nghĩa","Trường Trung học phổ thông chuyên Lê Khiết - Quảng Ngãi","","","","0"
"328","DangPhucHieu","Đặng Phúc Hiếu","Trường Trung học phổ thông chuyên Lê Quý Đôn - Bình Định","","","","0"
"328","vantam","Nguyễn Văn Tâm","Trường Trung học phổ thông chuyên Vĩnh Phúc - Vĩnh Phúc","","","","0"
"328","ninhbinh03","ĐIỀN HẢI ĐĂNG","Trường Trung học phổ thông chuyên Lương Văn Tụy - Ninh Bình","","","","0"
"328","leminhtai","Lê Minh Tài","Trường Trung học phổ thông chuyên Đại học Vinh - Trường Đại học Vinh - Nghệ An","","","","0"
"371","longlong5a6","Hoàng Văn Long","Trường Trung học phổ thông chuyên Hưng Yên - Hưng Yên","315","700","","-9999"
"371","ahihi12133","Đỗ Văn Hải","Trường Trung học phổ thông chuyên Hưng Yên - Hưng Yên","","35","408","-9999"