﻿"","Username","Fullname","School","cup2024r1p1","cup2024r1p2","cup2024r1p3","Points"
"1","trendbattles","Nguyễn Nguyễn Gia Bảo","Trường Trung học phổ thông chuyên Quốc Học - Thừa Thiên Huế","100","100","100","300"
"2","VuKhoiNguyen","Vũ Khôi Nguyên","Trường Trung học phổ thông chuyên Hưng Yên - Hưng Yên","100","100","99","299"
"2","caotuanphong","Cao Tuấn Phong","Trường Trung học phổ thông chuyên Phan Bội Châu - Nghệ An","100","100","99","299"
"2","khanhdungtrinh","Trịnh Khánh Dũng","Trường Trung học phổ thông chuyên Lê Quý Đôn - Bình Định","100","100","99","299"
"2","10tin_dinhson","Nguyễn Đình Sơn","Trường Trung học phổ thông chuyên Bắc Ninh - Bắc Ninh","100","100","99","299"
"2","leminhtuanils27","Lê Minh Tuấn","Trường Trung học phổ thông chuyên Lam Sơn - Thanh Hóa","100","100","99","299"
"2","Namviet2704","Nguyễn Việt Nam","Trường Trung học phổ thông chuyên Phan Bội Châu - Nghệ An","100","100","99","299"
"2","dwuy","Nguyễn Phạm Đức Huy","Trường Trung học phổ thông Gia Định - Thành phố Hồ Chí Minh","100","100","99","299"
"2","ND01","Hoàng Minh Đức","Trường Trung học phổ thông chuyên Lê Hồng Phong - Nam Định","100","100","99","299"
"2","nguyentien0101","Nguyễn Trọng Tiến","Trường Trung học phổ thông chuyên Hùng Vương - Bình Dương","100","100","99","299"
"2","subjectt74","Đặng Vương Trung Hiếu","Trường Trung học phổ thông chuyên Lương Văn Tụy - Ninh Bình","100","100","99","299"
"2","123ntd","Nguyễn Trí Đại","Trường Trung học phổ thông chuyên Hưng Yên - Hưng Yên","100","100","99","299"
"2","ninhbinh06","PHẠM THẾ DŨNG","Trường Trung học phổ thông chuyên Lương Văn Tụy - Ninh Bình","100","100","99","299"
"2","hieutaminh","Tạ Minh Hiếu, Ninh Bình","THPT chuyên Lương Văn Tụy - Ninh Bình","100","100","99","299"
"2","HieuKun","Nguyễn Minh Hiệu","","100","100","99","299"
"2","tranthuanhieu1","Trần Thuận Hiếu","Trường Trung học phổ thông chuyên Hà Nội – Amsterdam - Hà Nội","100","100","99","299"
"2","vinaka","Nguyễn Trung Hải","Trường Trung học phổ thông chuyên Vĩnh Phúc - Vĩnh Phúc","100","100","99","299"
"18","callmelucian","Nguyễn Tấn Minh","Trường Trung học phổ thông chuyên Lê Hồng Phong - Thành phố Hồ Chí Minh","100","100","98","298"
"18","fryingduc","Giang Trung Minh Đức","Trường Trung học phổ thông chuyên Hà Nội – Amsterdam - Hà Nội","100","100","98","298"
"18","anmattroi","Nguyễn Hải An","Trường Trung học phổ thông chuyên Nguyễn Trãi - Hải Dương","100","100","98","298"
"18","Ak2k8","Võ Hoài Anh Khoa","Trường Trung học phổ thông chuyên Quốc Học - Thừa Thiên Huế","100","100","98","298"
"18","TrolleyCoder","Đặng Huy Hậu","Trường Trung học phổ thông chuyên Thăng Long - Lâm Đồng","100","100","98","298"
"18","hihihah","Nguyễn Tiến Thành","Trường Trung học phổ thông chuyên Lam Sơn - Thanh Hóa","100","100","98","298"
"18","nthquan1505","Nguyễn Trần Hoàng Quân","Trường Trung học phổ thông chuyên Lương Thế Vinh - Đồng Nai","100","100","98","298"
"18","HWE","Thiều Nguyễn Huy","Trường Trung học phổ thông chuyên Lê Quý Đôn - Đà Nẵng","100","100","98","298"
"18","Helixdot__123","Nguyễn Ngọc Lân","Trường Trung học phổ thông chuyên Hưng Yên - Hưng Yên","100","100","98","298"
"18","danglayloi1","Trần Hải Đăng","Trường Trung học phổ thông chuyên Phan Bội Châu - Nghệ An","100","100","98","298"
"28","Thang_Nguyen","Nguyễn Cao Quốc Thắng","Trường Trung học phổ thông chuyên Lê Quý Đôn - Ninh Thuận","100","100","97","297"
"28","hungtien2202","Trần Hưng Tiến","Trường Trung học phổ thông chuyên Quốc Học - Thừa Thiên Huế","100","100","97","297"
"28","ntminh2409","Nguyễn Tấn Minh","Trường Trung học phổ thông chuyên Quốc Học - Thừa Thiên Huế","100","100","97","297"
"28","minh30082008","Nguyễn Tá Quang Minh","Trường Trung học phổ thông chuyên Bắc Ninh - Bắc Ninh","100","100","97","297"
"28","VoThanhHai","Võ Thanh Hải","Trường Trung học phổ thông chuyên Nguyễn Du - Đắk Lắk","100","100","97","297"
"28","phongtin27","Võ Văn Đạt","Trường Trung học phổ thông chuyên Lê Quý Đôn - Ninh Thuận","100","100","97","297"
"28","kienht","Thái Văn Gia Kiên","Trường Trung học phổ thông chuyên Hà Tĩnh - Hà Tĩnh","100","100","97","297"
"28","kh0i","Lê Trọng Khôi","Trường Trung học phổ thông chuyên Hà Nội – Amsterdam - Hà Nội","100","100","97","297"
"28","PhcKhnhTapCode","Nguyễn Phúc Khánh","Trường Trung học phổ thông chuyên Hùng Vương - Phú Thọ","100","100","97","297"
"28","nhatanh2k7a","Nguyễn Đào Nhật Anh","Trường Trung học phổ thông chuyên Hùng Vương - Phú Thọ","100","100","97","297"
"28","sus","Võ Bá Thông","Trường Trung học phổ thông chuyên Nguyễn Du - Đắk Lắk","100","100","97","297"
"39","minhphu29072008","Nguyễn Duy Mình Phú","Trường Trung học phổ thông chuyên Quốc Học - Thừa Thiên Huế","100","100","96","296"
"39","villeclaude","Hoàng Văn Trà","Trường Trung học phổ thông chuyên Bắc Giang - Bắc Giang","100","100","96","296"
"39","luvna","Nguyễn Trung Hiếu","Trường Trung học phổ thông chuyên Lê Hồng Phong - Thành phố Hồ Chí Minh","100","100","96","296"
"42","ND03","Ninh Đức Nam","Trường Trung học phổ thông chuyên Lê Hồng Phong - Nam Định","100","100","88","288"
"43","Bui_Quoc_Cuong","Bùi Quốc Cường","Trường Trung học phổ thông chuyên Lê Khiết - Quảng Ngãi","94","100","93","287"
"44","ND06","Nguyễn Anh Vũ","Trường Trung học phổ thông chuyên Lê Hồng Phong - Nam Định","100","100","83","283"
"45","tuank40itchv","Lê Anh Tuấn","Trường Trung học phổ thông chuyên Hùng Vương - Phú Thọ","100","77","97","274"
"46","hungmaxx","Hoàng Mạnh Hùng","Trường Trung học phổ thông chuyên Nguyễn Chí Thanh - Đắk Nông","71","100","100","271"
"47","ninhbinh03_khang09","NGUYỄN ĐẠI KHANG","Trường Trung học phổ thông chuyên Lương Văn Tụy - Ninh Bình","71","100","99","270"
"47","ninhbinh04_kuz","ĐINH NGỌC CƯỜNG","Trường Trung học phổ thông chuyên Lương Văn Tụy - Ninh Bình","71","100","99","270"
"49","ASURA34","Đỗ Mạnh Hiệp","Trường Trung học phổ thông chuyên Nguyễn Trãi - Hải Dương","71","100","97","268"
"50","Ejen","Huỳnh Anh Nhật","Trường Trung học phổ thông chuyên Lê Quý Đôn - Bình Định","100","100","62","262"
"51","duong3982","Hoàng Dương","Trường Trung học phổ thông chuyên Nguyễn Huệ - Hà Nội","100","100","61","261"
"52","vongocsinh","Võ Ngọc Sinh","Trường Trung học phổ thông chuyên Võ Nguyên Giáp - Quảng Bình","100","100","58","258"
"53","lamlamjjdo","quabuonngu","Trường Trung học phổ thông chuyên Bắc Ninh - Bắc Ninh","60","100","97","257"
"53","dangcuber07","Lưu Hải Đăng","Trường Trung học phổ thông chuyên Nguyễn Trãi - Hải Dương","60","100","97","257"
"53","ITK11_DUY","Tống Nguyễn Hà Duy","Trường Trung học phổ thông chuyên Lê Thánh Tông - Quảng Nam","100","100","57","257"
"56","phungduc3103","Phùng Ngọc Nguyên Đức","Trường THPT Chuyên Lương Thế Vinh - Đồng Nai","100","100","54","254"
"57","Mochi","Nguyễn Long Nhật","Trường Trung học phổ thông chuyên Lê Khiết - Quảng Ngãi","52","100","97","249"
"58","duonghoangphong","Dương Hoàng Phong","Trường Trung học phổ thông chuyên Phan Bội Châu - Nghệ An","100","100","46","246"
"59","trannhanminh","Trần Nhân Minh","Trường Trung học phổ thông chuyên Nguyễn Trãi - Hải Dương","46","100","98","244"
"60","Cookie","Lê Viết Nam Khôi, Thành phố Hồ Chí Minh","Trường TH-THCS-THPT Việt-Úc - Thành phố Hồ Chí Minh","100","100","43","243"
"61","NguyenPhuNhan","Nguyễn Phú Nhân","Trường Trung học phổ thông chuyên Lê Quý Đôn - Đà Nẵng","100","40","97","237"
"62","khanhss","Lê Nam Khánh","Trường Trung học phổ thông chuyên Lê Quý Đôn - Ninh Thuận","100","100","32","232"
"62","letrungggg","Nguyễn Lê Trung","Trường Trung học phổ thông chuyên Bắc Ninh - Bắc Ninh","100","83","49","232"
"64","leminhnhat","Lê Minh Nhật","Trường Trung học phổ thông chuyên Lê Quý Đôn - Quảng Trị","100","100","31","231"
"65","nguyhoangphu","","","100","100","30","230"
"66","quagiadecode","Nguyễn Thế Việt Anh","Trường Trung học phổ thông chuyên Bắc Ninh - Bắc Ninh","29","100","99","228"
"67","HuyAT","Nguyễn Minh Huy","Trường Phổ thông Năng khiếu - Đại học Quốc gia Thành phố Hồ Chí Minh - Thành phố Hồ Chí Minh","100","100","27","227"
"68","Zero_OP","Lê Lâm","Trường Trung học phổ thông chuyên Lê Hồng Phong - Thành phố Hồ Chí Minh","100","100","26","226"
"68","nathan4690","Nguyễn Viết Trung Nhân","Trường Trung học phổ thông chuyên Khoa học Tự nhiên - Trường Đại học Khoa học Tự nhiên, Đại học Quốc gia Hà Nội - Hà Nội","100","100","26","226"
"70","doducanh01062007","Đỗ Đức Anh","Trường Trung học phổ thông chuyên Biên Hòa - Hà Nam","100","100","24","224"
"71","khangnguyen1211","Nguyễn Đức Khang","Trường Trung học phổ thông chuyên Nguyễn Trãi - Hải Dương","94","100","28","222"
"72","chungnopro22082007","Nguyễn Thành Chung","Trường Trung học phổ thông chuyên Hùng Vương - Phú Thọ","100","100","21","221"
"73","itachicbh","Đỗ Thành Trọng","Trường Trung học phổ thông chuyên Biên Hòa - Hà Nam","94","97","28","219"
"73","nghiaaa","Đặng Thành Nghĩa","Trường Trung học phổ thông chuyên Lê Hồng Phong - Thành phố Hồ Chí Minh","23","100","96","219"
"73","AisukiUwU","Đỗ Thị Minh Hồng","Trường Trung học phổ thông chuyên Nguyễn Huệ - Hà Nội","100","100","19","219"
"76","VVUU","Phan Anh Vũ","Trường Trung học phổ thông chuyên Quang Trung - Bình Phước","100","100","18","218"
"76","tminh_hk20","Trương Tấn Minh","Trường Trung học phổ thông chuyên Quang Trung - Bình Phước","23","100","95","218"
"78","VuongQuocHuy","Vương Quốc Huy","Trường Trung học phổ thông chuyên Hùng Vương - Bình Dương","100","13","98","211"
"79","duckindog","Nguyễn Minh Đưcs","Trường Trung học phổ thông chuyên Trần Phú - Hải Phòng","100","12","98","210"
"80","ngmtuan","Nguyễn Minh Tuấn","Trường Trung học phổ thông chuyên Hà Nội – Amsterdam - Hà Nội","100","100","9","209"
"81","PhanHuyKhang","Phan Huy Khang","Trường Trung học phổ thông chuyên Lê Quý Đôn - Đà Nẵng","100","100","6","206"
"81","quq","Dương Đăng Quang","Trường Trung học phổ thông chuyên Lý Tự Trọng - Cần Thơ","100","100","6","206"
"81","lamlamlam","Nguyễn Đăng Tùng Lâm","Trường Trung học phổ thông chuyên Hà Nội – Amsterdam - Hà Nội","100","100","6","206"
"81","nasam","Phạm Huy Khánh","Trường Trung học phổ thông chuyên Lương Thế Vinh - Đồng Nai","100","100","6","206"
"85","mingdzx","Vũ Tiến Minh","Trường Trung học phổ thông chuyên Hà Nội – Amsterdam - Hà Nội","100","100","3","203"
"86","sqrtN","Trần Anh Thi","Trường Trung học phổ thông chuyên Lê Quý Đôn - Bình Định","100","100","2","202"
"87","kimnhatdev1106","Trần Kim Nhật","Trường THPT Hương Khê","100","100","1","201"
"87","hoangnoobpro","Nguyễn Lê Huy Hoàng","Trường Trung học phổ thông chuyên Phan Bội Châu - Nghệ An","100","100","1","201"
"87","trinhvtuan","Trịnh Văn Tuấn","Trường Trung học phổ thông chuyên Lê Thánh Tông - Quảng Nam","100","100","1","201"
"87","mingga","Lê Ngọc Minh","Trường Trung học phổ thông chuyên Hà Nội – Amsterdam - Hà Nội","100","100","1","201"
"87","tranquyetthang","Trần Quyết Thắng","Trường Trung học phổ thông chuyên Huỳnh Mẫn Đạt - Kiên Giang","100","100","1","201"
"87","duck404","Nguyễn Hải Phong","Trường Trung học phổ thông chuyên Lê Quý Đôn - Quảng Trị","100","100","1","201"
"87","Phamvuphuong13","Phạm Vũ Phương","Trường Trung học phổ thông chuyên Hà Tĩnh - Hà Tĩnh","100","100","1","201"
"87","k12_khoi","Lê Thiện Khôi","Trường Trung học phổ thông chuyên Lê Thánh Tông - Quảng Nam","100","100","1","201"
"95","EvolutionzXD","Đặng Xuân Bách","Trường Trung học phổ thông chuyên Hùng Vương - Gia Lai","100","100","","200"
"95","enxiayy","Võ Tấn Bảo","Trường Trung học phổ thông chuyên Lê Hồng Phong - Thành phố Hồ Chí Minh","100","100","","200"
"95","Tommit_Teok4","Nguyễn Đăng Quang","Trường Trung học phổ thông chuyên Nguyễn Trãi - Hải Dương","100","100","","200"
"95","PQuang","Đỗ Phú Quang","Trường Trung học phổ thông chuyên Lê Thánh Tông - Quảng Nam","100","100","","200"
"95","arc","Hoàng Mạnh Linh","Trường Trung học phổ thông chuyên Phan Bội Châu - Nghệ An","100","100","","200"
"95","huyjav","Nguyễn Gia Huy","Trường Trung học phổ thông chuyên Hưng Yên - Hưng Yên","100","100","","200"
"95","goten2308","Hà Công Anh","Trường Trung học phổ thông chuyên Tuyên Quang - Tuyên Quang","100","100","0","200"
"95","pndhpndh","Phạm Nguyễn Đăng Huy","Trường Trung học phổ thông chuyên Hà Nội – Amsterdam - Hà Nội","100","100","","200"
"95","ninhbinh03","ĐIỀN HẢI ĐĂNG","Trường Trung học phổ thông chuyên Lương Văn Tụy - Ninh Bình","100","100","","200"
"95","khoihk20","Nguyễn Mai Khôi","Trường Trung học phổ thông chuyên Quang Trung - Bình Phước","1","100","99","200"
"95","nnnn_nnnn","","","100","100","","200"
"95","Clams","","","100","100","","200"
"95","hungeazyITistrue","Nguyễn Thái Hưng","THPT Chuyên Lê Quý Đôn - Khánh Hòa","100","100","","200"
"95","btoandz","Nguyễn Ngọc Bảo Toàn","Trường Trung học phổ thông chuyên Phan Bội Châu - Nghệ An","100","100","","200"
"95","HThinh","Trần Huỳnh Hữu Thịnh","Trường Trung học phổ thông chuyên Lê Thánh Tông - Quảng Nam","1","100","99","200"
"95","lenhannn","Lê Đức Nhân","Trường Trung học phổ thông chuyên Lê Quý Đôn - Quảng Trị","100","100","","200"
"95","ndtnbk","Nguyễn Đình Tài","Trường Trung học phổ thông chuyên Nguyễn Chí Thanh - Đắk Nông","1","100","99","200"
"95","hxano","Nguyễn Đăng Khang","Trường Trung học phổ thông chuyên Hùng Vương - Gia Lai","100","100","","200"
"95","nguyentienthanh","Nguyễn Tự Kỳ Phong","Trường Trung học phổ thông chuyên Vĩnh Phúc - Vĩnh Phúc","100","100","","200"
"95","itsQuang","Trịnh Minh Quang","Trường Trung học phổ thông chuyên Lý Tự Trọng - Cần Thơ","100","100","","200"
"95","latr","Lê Anh Trí","Trường Trung học phổ thông chuyên Hà Nội – Amsterdam - Hà Nội","100","100","","200"
"95","justiin","Trần Đại Nghĩa","Trường Trung học phổ thông chuyên Tuyên Quang - Tuyên Quang","100","100","0","200"
"95","TrietPD","Phan Đình Triết","Trường Trung học phổ thông chuyên Lê Quý Đôn - Đà Nẵng","100","100","","200"
"95","vnedu","","","100","100","","200"
"95","tayninh6hlk","Lê Nhựt Trí","Trường Trung học phổ thông chuyên Hoàng Lê Kha - Tây Ninh","100","100","","200"
"120","longlong5a6","Hoàng Văn Long","Trường Trung học phổ thông chuyên Hưng Yên - Hưng Yên","100","99","","199"
"120","huyngu235","Đỗ Gia Huy","Trường Trung học phổ thông chuyên Nguyễn Du - Đắk Lắk","1","100","98","199"
"120","phungminhdung10tin","Phùng Minh Dũng","Trường Trung học phổ thông chuyên Nguyễn Trãi - Hải Dương","100","99","","199"
"123","hiuwsss","Bùi Thành Hiếu","Trường Trung học phổ thông chuyên Hùng Vương - Gia Lai","77","100","21","198"
"124","luuphucvinh","Lưu Phúc Vinh","Trường Trung học phổ thông chuyên Trần Phú - Hải Phòng","100","96","1","197"
"124","Mahirunn","Trần Quốc Khánh","Trường Trung học phổ thông chuyên Tuyên Quang - Tuyên Quang","94","100","3","197"
"126","hungdeptrai123","Nguyễn Thanh Hưng","Trường Trung học phổ thông chuyên Hùng Vương - Bình Dương","100","96","","196"
"127","thesoleft","Nguyễn Hải Minh","Trường Trung học phổ thông chuyên Lam Sơn - Thanh Hóa","94","100","","194"
"128","binminh01","Nguyễn Nhật Minh","Trường Trung học phổ thông chuyên Khoa học Tự nhiên - Trường Đại học Khoa học Tự nhiên, Đại học Quốc gia Hà Nội - Hà Nội","100","67","23","190"
"129","kiethm07","Lý Tuấn Kiệt","Trường Trung học phổ thông chuyên Lê Hồng Phong - Thành phố Hồ Chí Minh","100","87","","187"
"130","Kieu111107","Trần Văn Kiểu","Trường Trung học phổ thông chuyên Hùng Vương - Gia Lai","100","55","26","181"
"131","KawakiMeido","Phạm Minh Huy","Trường Trung học phổ thông chuyên Lê Hồng Phong - Thành phố Hồ Chí Minh","1","83","96","180"
"132","dnhat","Mai Đình Nhật","Trường Trung học phổ thông chuyên Hùng Vương - Bình Dương","78","100","","178"
"133","Kphong","Nguyễn Khánh Phong","Trường Trung học phổ thông chuyên Tuyên Quang - Tuyên Quang","100","76","","176"
"133","wuan","Hoàng Minh Quân","Trường Trung học phổ thông chuyên Hà Nội – Amsterdam - Hà Nội","100","76","","176"
"135","Phus","Nguyễn Văn Cường Phú","Trường Trung học phổ thông chuyên Bắc Ninh - Bắc Ninh","60","66","49","175"
"135","yuuaoki","Đỗ Phúc An Nguyên","Trường Trung học phổ thông chuyên Hà Nội – Amsterdam - Hà Nội","94","80","1","175"
"137","nguyen_phong_2007","Nguyễn Nguyên Phong","Trường Trung học phổ thông chuyên Nguyễn Huệ - Hà Nội","42","35","97","174"
"137","thefless","Vũ Nguyễn Anh Khoa","Trường Trung học phổ thông chuyên Hùng Vương - Bình Dương","52","100","22","174"
"137","Ai_2007","Trịnh Quốc Bình","Trường Trung học phổ thông chuyên Biên Hòa - Hà Nam","71","100","3","174"
"140","truongson31032007","Cao Ngọc Trường Sơn","Trường Trung học phổ thông chuyên Biên Hòa - Hà Nam","71","100","1","172"
"141","Mike_Vu","Vũ Hoàng Anh Quân","Trường Trung học phổ thông chuyên Lê Hồng Phong - Thành phố Hồ Chí Minh","18","100","52","170"
"142","Kotoha","Nguyễn Thúc Trung Kiên","Trường Trung học phổ thông chuyên Quốc Học - Thừa Thiên Huế","100","69","","169"
"142","fucfan","Phan Trọng Phúc","Trường Trung học phổ thông chuyên Hùng Vương - Bình Dương","100","40","29","169"
"144","KurimiyaMirai","Giang Quang Thắng","Trường Trung học phổ thông chuyên Nguyễn Tất Thành - Yên Bái","88","56","24","168"
"144","nghung","Nguyễn Mạnh Hùng","Trường Trung học phổ thông chuyên Hùng Vương - Bình Dương","71","97","","168"
"146","lmeo","Lê Quang Anh","Trường Trung học phổ thông chuyên Nguyễn Tất Thành - Yên Bái","100","67","","167"
"146","cbh_k64_tue","Nguyễn Đức Tuệ","Trường Trung học phổ thông chuyên Biên Hòa - Hà Nam","66","100","1","167"
"146","PaDi","Phạm Minh Sơn","Trường Trung học phổ thông chuyên Hà Nội – Amsterdam - Hà Nội","100","67","","167"
"149","huyjavalt01","Phạm Tuấn Khanh","Trường Trung học phổ thông chuyên Nguyễn Huệ - Hà Nội","29","100","37","166"
"150","datp3877","Phan Thanh Đạt","Trường Trung học phổ thông chuyên Võ Nguyên Giáp - Quảng Bình","1","67","97","165"
"151","buivietthanh","Bùi Viết Thành","Trường Trung học phổ thông chuyên Lương Thế Vinh - Đồng Nai","52","100","10","162"
"152","nho","Nguyễn Ngọc Nhớ","Trường Trung học phổ thông chuyên Lý Tự Trọng - Cần Thơ","52","100","8","160"
"153","thinhsieucapvippro","Võ Quốc Thịnh","Trường Trung học phổ thông chuyên Lý Tự Trọng - Cần Thơ","59","100","","159"
"154","approx","Nguyễn Minh Khang","Trường Trung học phổ thông chuyên Lý Tự Trọng - Cần Thơ","100","56","","156"
"154","ngdu123","Nguyễn Quang Duy","Trường Trung học phổ thông chuyên Trần Phú - Hải Phòng","100","56","","156"
"154","DaiDuong12907","Đoàn Đại Dương","Trường Trung học phổ thông chuyên Hưng Yên - Hưng Yên","100","56","","156"
"154","tonytung0704","Nguyễn Thanh Tùng","Trường Trung học phổ thông chuyên Trần Phú - Hải Phòng","100","56","","156"
"154","duyoke","Trần Đức Duy","Trường Trung học phổ thông chuyên Lý Tự Trọng - Cần Thơ","100","56","","156"
"159","nguyenhuunguyen123","Nguyễn Hữu Nguyên","Trường Trung học phổ thông chuyên Lê Quý Đôn - Quảng Trị","52","100","","152"
"160","tthanhloi2007","Trần Thành Lợi","Trường Trung học phổ thông chuyên Huỳnh Mẫn Đạt - Kiên Giang","23","100","26","149"
"161","trandaihao5555","Trần Đại Hào","Trường Trung học phổ thông chuyên Lương Văn Chánh - Phú Yên","1","100","47","148"
"161","hiensumi","Phạm Duy Hiển","Trường Trung học phổ thông chuyên Lê Khiết - Quảng Ngãi","48","100","","148"
"163","nltt","Nguyễn Lê Tuấn Tú","Trường Trung học phổ thông chuyên Nguyễn Huệ - Hà Nội","23","100","24","147"
"164","bqa100507","Bùi Quang Anh","Trường Trung học phổ thông chuyên Lý Tự Trọng - Cần Thơ","52","91","","143"
"165","chaoschicken123","Nhữ Thành Đạt","Trường Trung học phổ thông chuyên Trần Phú - Hải Phòng","23","100","19","142"
"165","ninhbinh007_seven","BÙI TÙNG LINH","Trường Trung học phổ thông chuyên Lương Văn Tụy - Ninh Bình","42","100","","142"
"167","nthao1004","Nguyễn Thị Phương Thảo","Trường Trung học phổ thông chuyên Nguyễn Trãi - Hải Dương","23","91","27","141"
"167","chimcobayluon","𝓝𝓰𝓾𝔂𝓮̂̃𝓷 𝓣𝓪̂́𝓷 𝓣𝓱𝓪̀𝓷𝓱","Trường Trung học phổ thông chuyên Hoàng Văn Thụ - Hòa Bình","100","40","1","141"
"169","louis_no_pro","Lưu Minh Hiếu","Trường Trung học phổ thông chuyên Lê Quý Đôn - Bình Định","100","40","","140"
"169","phuckanh","Trần Phúc Khánh","Trường Trung học phổ thông chuyên Lê Hồng Phong - Thành phố Hồ Chí Minh","52","88","","140"
"171","bngphuc","Bùi Nguyên Phúc","Trường Trung học phổ thông chuyên Quang Trung - Bình Phước","100","26","13","139"
"171","HUY_TRINH_1724","Trịnh Gia Huy","Trường Trung học phổ thông chuyên Hùng Vương - Bình Dương","1","100","38","139"
"173","qdqkfjbkbk","Phạm Vũ Đăng","Trường Trung học phổ thông chuyên Hà Nội – Amsterdam - Hà Nội","29","100","9","138"
"173","Tame","Phan Anh Tuấn","Trường Trung học phổ thông chuyên Lê Quý Đôn - Bình Định","48","90","","138"
"175","ninhanhvuk7","Ninh Anh Vũ","Trường Trung học phổ thông chuyên Sơn La - Sơn La","36","100","0","136"
"176","No_Name_","Đỗ Pirlo","Trường Trung học phổ thông chuyên Hùng Vương - Bình Dương","35","100","","135"
"176","ngvu0407","Nguyễn Quố Vũ","Trường Trung học phổ thông chuyên Sơn La - Sơn La","100","35","","135"
"178","TrungBac2105","Phan Trung Bạc","Trường Trung học phổ thông Chu Văn An - Đồng Tháp","94","40","","134"
"178","MinhCrafter","Nguyễn Ngọc Minh","Trường Trung học phổ thông chuyên Lê Quý Đôn - Đà Nẵng","100","33","1","134"
"180","ninhbinh02","NGUYỄN THU NGÂN","Trường Trung học phổ thông chuyên Lương Văn Tụy - Ninh Bình","1","100","32","133"
"181","tuandq","Dương Quốc Tuấn","Trường Trung học phổ thông chuyên Lê Quý Đôn - Đà Nẵng","1","100","30","131"
"182","totenlinh","Phạm Tuấn Linh","Trường Trung học phổ thông chuyên Biên Hòa - Hà Nam","29","100","1","130"
"182","OZ","Dương Quang Anh","Trường Trung học phổ thông chuyên Vĩnh Phúc - Vĩnh Phúc","29","100","1","130"
"182","datmacoder","Hoàng Thế Thành Đạt","Trường Trung học phổ thông chuyên Võ Nguyên Giáp - Quảng Bình","100","22","8","130"
"182","baoheyhey","Nguyễn Thái Bảo","Trường Trung học phổ thông chuyên Nguyễn Đình Chiểu - Đồng Tháp","29","100","1","130"
"186","Mye","Nguyễn Văn Phong","Trường Trung học phổ thông chuyên Biên Hòa - Hà Nam","29","100","","129"
"186","tayninh2hlk","Nguyễn Hữu Quang","Trường Trung học phổ thông chuyên Hoàng Lê Kha - Tây Ninh","100","29","","129"
"186","Sherwin","Hoàng Đình Hải Vương","Trường Trung học phổ thông chuyên Nguyễn Du - Đắk Lắk","29","100","","129"
"186","daotran2832008","Trần Thị Bích Đào","Trường Trung học phổ thông chuyên Biên Hòa - Hà Nam","29","100","","129"
"186","connornguyxn","Nguyễn Tấn Dũng, Phú Thọ","THPT chuyên Hùng Vương - Phú Thọ","46","83","","129"
"191","Doi_tui_ban_hanh","Tạ Hữu Dương","Trường Trung học phổ thông chuyên Nguyễn Trãi - Hải Dương","27","100","","127"
"191","TheFallenOne","Nguyễn Dĩ Thái","Trường Trung học phổ thông chuyên Nguyễn Du - Đắk Lắk","1","100","26","127"
"191","aajayagh","Ngô Thảo Anh","Trường Trung học phổ thông chuyên Lê Quý Đôn - Bà Rịa – Vũng Tàu","60","67","","127"
"191","DL_DinhVuMinhHung2k8","Đinh Vũ Minh Hùng","Trường Trung học phổ thông chuyên Nguyễn Du - Đắk Lắk","69","57","1","127"
"195","meoxu","Nguyễn Phan Minh Nhật","Trường Trung học phổ thông chuyên Quốc Học - Thừa Thiên Huế","100","26","","126"
"196","ND08","Trần Trung Kiên","Trường Trung học phổ thông chuyên Lê Hồng Phong - Nam Định","1","100","24","125"
"196","Quangthieunang","","","42","83","","125"
"196","datbuonia171","Nguyễn Thành Đạt","Trường Trung học phổ thông chuyên Hưng Yên - Hưng Yên","100","25","0","125"
"199","Shiba_Engine","Nguyễn Nhật Anh","Trường Trung học phổ thông chuyên Lương Văn Chánh - Phú Yên","23","100","1","124"
"199","penguin29","Tạ Nguyễn Tiến Đạt","Trường Trung học phổ thông chuyên Biên Hòa - Hà Nam","24","100","","124"
"201","thaibeo123","Nguyễn Xuân Thái","Trường Phổ thông Năng khiếu - Đại học Quốc gia Thành phố Hồ Chí Minh - Thành phố Hồ Chí Minh","23","100","","123"
"201","diablosaga2009","Phạm Quốc Hưng","Trường Trung học phổ thông chuyên Nguyễn Du - Đắk Lắk","23","100","","123"
"201","ahihi12133","Đỗ Văn Hải","Trường Trung học phổ thông chuyên Hưng Yên - Hưng Yên","100","23","","123"
"201","daobao27","Đào Nguyễn Gia Bảo","Trường Trung học phổ thông chuyên Bắc Ninh - Bắc Ninh","23","100","","123"
"205","Art","Bùi Hải Đăng","Trường Trung học phổ thông chuyên Biên Hòa - Hà Nam","29","89","3","121"
"205","phancddev","Phan Công Dũng","Trường Trung học phổ thông chuyên Quốc Học - Thừa Thiên Huế","51","67","3","121"
"207","chinhly","Lý Nguyễn Công Chính","Trường Trung học phổ thông Quang Trung - Bình Định","29","82","8","119"
"208","Lamp","Vũ Hoàng Phương Lam","Trường Trung học phổ thông chuyên Hùng Vương - Bình Dương","15","100","","115"
"209","hungnguyenmanh2k8","Nguyễn Mạnh Hùng","Trường Trung học phổ thông chuyên Hưng Yên - Hưng Yên","100","14","","114"
"210","truongnbhvttin2225","Nguyễn Bá Trường","Trường Trung học phổ thông chuyên Hoàng Văn Thụ - Hòa Bình","23","89","","112"
"211","phan_dang_hao","Phan Đăng Hào","Trường Trung học phổ thông chuyên Phan Bội Châu - Nghệ An","71","40","","111"
"212","nguyenhainam1012cg","Nguyễn Hải Nam","Trường Trung học phổ thông chuyên Nguyễn Huệ - Hà Nội","29","56","24","109"
"212","phamducminh538","Phạm Đức Minh","Trường Trung học phổ thông chuyên Võ Nguyên Giáp - Quảng Bình","23","83","3","109"
"214","K32VuThiNgocAnh","Vũ Thị Ngọc Anh","Trường Trung học phổ thông chuyên Bắc Giang - Bắc Giang","67","31","10","108"
"215","Zylenox","Phạm Hải Đăng","Trường Trung học phổ thông chuyên Hưng Yên - Hưng Yên","100","2","4","106"
"215","lexuantrong","Lê Xuân Trọng","Trường Trung học phổ thông chuyên Hùng Vương - Bình Dương","48","56","2","106"
"217","nhatday1","Lê Trần Long Nhật","Trường Trung học phổ thông chuyên Quang Trung - Bình Phước","23","82","","105"
"218","nguyentai090908","La Nguyên Tài","Trường THCS & THPT Đống Đa - Lâm Đồng","1","100","3","104"
"219","HuyDarwin","Phạm Hồng Huy","Trường Trung học phổ thông chuyên Nguyễn Trãi - Hải Dương","94","6","3","103"
"219","ktoan619","Nguyễn Lê Khánh Toàn","Trường Trung học phổ thông chuyên Lương Văn Chánh - Phú Yên","1","100","2","103"
"221","escobrando","Từ Đức Uy Vũ","Trường Trung học phổ thông chuyên Lê Hồng Phong - Thành phố Hồ Chí Minh","1","100","1","102"
"221","NTH_CA","Nguyễn Trung Hải","Trường Trung học phổ thông chuyên Hà Nội – Amsterdam - Hà Nội","1","100","1","102"
"221","superpro20092005","Lê Hiếu","Trường Trung học phổ thông chuyên Nguyễn Du - Đắk Lắk","1","100","1","102"
"221","hungnt","Nguyễn Tuấn Hưng","Trường Trung học phổ thông chuyên Lam Sơn - Thanh Hóa","1","100","1","102"
"221","TinK30_HTManh","Hoàng Tiến Mạnh","Trường Trung học phổ thông chuyên Bắc Ninh - Bắc Ninh","1","100","1","102"
"226","lemon4life","Hoàng Nguyên Anh","Trường Trung học phổ thông chuyên Quốc Học - Thừa Thiên Huế","1","100","","101"
"226","tayninh5hlk","Đỗ Gia Huy","Trường Trung học phổ thông chuyên Hoàng Lê Kha - Tây Ninh","1","100","","101"
"226","tolapuoiii","Bùi Nguyên Vũ","Trường Trung học phổ thông chuyên Hoàng Văn Thụ - Hòa Bình","1","100","","101"
"226","Russvn123","Lê Thanh Khang","Trường Trung học phổ thông chuyên Nguyễn Thị Minh Khai - Sóc Trăng","1","100","0","101"
"226","huudai1832008","Nguyễn Hữu Đại","Trường Trung học phổ thông chuyên Hùng Vương - Bình Dương","1","100","","101"
"226","DangPhucHieu","Đặng Phúc Hiếu","Trường Trung học phổ thông chuyên Lê Quý Đôn - Bình Định","1","100","","101"
"226","ngohuytin007","Ngô Huy Tín","Trường Trung học phổ thông chuyên Lê Quý Đôn - Bình Định","49","52","","101"
"226","pntho1502","Phạm Ngọc Thơ","Trường Trung học phổ thông chuyên Hà Tĩnh - Hà Tĩnh","71","29","1","101"
"234","Tayninh4hlk","Đỗ Quang Thành","Trường Trung học phổ thông chuyên Hoàng Lê Kha - Tây Ninh","100","","","100"
"234","tranminhtrietdeptrai","Trần Minh Triết","Trường Trung học phổ thông chuyên Phan Bội Châu - Nghệ An","100","","","100"
"234","24MTTN181","Huỳnh Ngọc Minh Triết","Trường Trung học phổ thông chuyên Quốc Học - Thừa Thiên Huế","","100","","100"
"234","phamhunganh205","Phạm Hùng Anh","Trường Trung học phổ thông chuyên Trần Hưng Đạo - Bình Thuận","100","0","","100"
"234","dangduc2102","Đặng Minh Đức","Trường Trung học phổ thông chuyên Hùng Vương - Phú Thọ","","100","","100"
"234","AnhSieu","Dương Anh Kiệt","Trường Trung học phổ thông chuyên Huỳnh Mẫn Đạt - Kiên Giang","29","68","3","100"
"234","hungnhq","Nguyễn  Hà Quốc Hưng","THPT Chuyên Sơn La - Sơn La","1","66","33","100"
"234","phillipstz3012","Phan Văn Quốc Việt","Trường Trung học phổ thông chuyên Lương Văn Chánh - Phú Yên","","100","","100"
"234","trannhatanpy","Trần Nhật An","Trường Trung học phổ thông chuyên Lương Văn Chánh - Phú Yên","","100","","100"
"243","lambestcode","Hồ Gia Lâm","Trường Trung học phổ thông chuyên Nguyễn Chí Thanh - Đắk Nông","71","25","","96"
"243","qwerty","Phạm Minh Tuấn","Trường Trung học phổ thông chuyên Lê Hồng Phong - Thành phố Hồ Chí Minh","83","13","","96"
"243","sirseven","Huỳnh Minh Triết","Trường Trung học phổ thông chuyên Lê Khiết - Quảng Ngãi","29","67","0","96"
"246","huykhanh07hd","Đặng Huy Khánh","Trường Trung học phổ thông chuyên Nguyễn Trãi - Hải Dương","29","64","","93"
"247","sarocdnik","","","8","84","","92"
"247","npmquan2008","Nguyễn Phú Minh Quân","Trường Trung học phổ thông chuyên Thoại Ngọc Hầu - An Giang","23","63","6","92"
"249","ND10","Lương Mạnh Hiếu","Trường Trung học phổ thông chuyên Lê Hồng Phong - Nam Định","37","25","29","91"
"250","zNatsumi","Nguyễn Đức Hiển","Trường Trung học phổ thông chuyên Trần Phú - Hải Phòng","68","22","","90"
"251","Infinity","Lê Nguyễn Hiếu An","Trường Trung học phổ thông chuyên Nguyễn Đình Chiểu - Đồng Tháp","1","67","20","88"
"251","DuyPhamm","Phạm Minh Duy","Trường Phổ thông Năng khiếu - Đại học Quốc gia Thành phố Hồ Chí Minh - Thành phố Hồ Chí Minh","29","56","3","88"
"253","Anphat","Nguyễn An Phát","Trường Trung học phổ thông chuyên Chu Văn An - Bình Định","","67","19","86"
"254","hpt279","Hoàng Phú Thiện","Trường Trung học phổ thông chuyên Quang Trung - Bình Phước","23","36","26","85"
"255","XuanHieu_TQ","Đinh Xuân Hiếu","Trường Trung học phổ thông chuyên Tuyên Quang - Tuyên Quang","15","67","","82"
"255","huyquang_25","Lê Quang Huy","Trường Trung học phổ thông chuyên Võ Nguyên Giáp - Quảng Bình","29","53","0","82"
"257","nguyenthinhuquynh","Nguyễn Thị Như Quỳnh","Trường Trung học phổ thông chuyên Võ Nguyên Giáp - Quảng Bình","29","52","","81"
"257","thanhphile983","Lê Thanh Phi","Trường Trung học phổ thông chuyên Lê Khiết - Quảng Ngãi","41","40","0","81"
"259","VuHoaiBang","Vũ Hoài Băng","","23","56","1","80"
"260","trtduong301","Trương Tiến Dương","Trường Trung học phổ thông chuyên Hùng Vương - Gia Lai","23","56","","79"
"261","TgX_2","Bùi Đình Lộc","Trường Trung học phổ thông chuyên Hùng Vương - Bình Dương","29","48","","77"
"262","vantam","Nguyễn Văn Tâm","Trường Trung học phổ thông chuyên Vĩnh Phúc - Vĩnh Phúc","1","56","19","76"
"263","Phuoc2k7","Phạm Gia Phước","Trường Trung học phổ thông chuyên Lê Quý Đôn - Bình Định","23","52","","75"
"263","chikimiri","","","15","60","","75"
"263","duong2k7","Thân Hồng Dương","Trường Trung học phổ thông chuyên Bắc Giang - Bắc Giang","34","40","1","75"
"266","doquangnghia","Đỗ Quang Nghĩa","Trường Trung học phổ thông chuyên Lê Khiết - Quảng Ngãi","23","51","","74"
"267","alskdj","Đào Anh Việt","Trường Trung học phổ thông chuyên Thăng Long - Lâm Đồng","29","41","3","73"
"268","kqhuy","Kiều Quang Huy","Trường Trung học phổ thông chuyên Trần Hưng Đạo - Bình Thuận","72","0","","72"
"268","ND04","Nguyễn Duy Cương","Trường Trung học phổ thông chuyên Lê Hồng Phong - Nam Định","25","47","","72"
"268","levuanhtin31","Lê Vũ Anh Tin","Trường Trung học phổ thông chuyên Nguyễn Du - Đắk Lắk","15","57","0","72"
"271","thandosonanh","Thân Đỗ Sơn Anh","Trường Trung học phổ thông chuyên Tuyên Quang - Tuyên Quang","15","56","","71"
"272","nmtri099019","Nguyễn Minh Trí","Trường Trung học Phổ thông chuyên Nguyễn Quang Diêu - Đồng Tháp","1","67","2","70"
"273","Cheeee_shrimp_19","Vũ Phú Thành","Trường Trung học phổ thông chuyên Hoàng Văn Thụ - Hòa Bình","1","67","","68"
"273","hoangnguyenle74","Nguyễn Lê Hoàng","Trường Trung học phổ thông chuyên Lương Văn Chánh - Phú Yên","1","67","","68"
"273","garrin","trần lê nhật quang","Trường Trung học phổ thông chuyên Tuyên Quang - Tuyên Quang","1","67","","68"
"273","minhducle31o","Lê Minh Đức","Trường Trung học phổ thông chuyên Lam Sơn - Thanh Hóa","1","67","","68"
"277","vubaokhanh","Vũ Bảo Khanh","Trường Trung học phổ thông chuyên Sơn La - Sơn La","","66","","66"
"278","ghuy4g","Vũ Gia Huy","Trường Trung học phổ thông chuyên Nguyễn Huệ - Hà Nội","23","26","14","63"
"278","NPGH_123","Nguyễn Phạm Gia Huy","Trường Trung học phổ thông chuyên Lê Khiết - Quảng Ngãi","23","40","","63"
"280","Doannhatanh_1312","Đoàn Nhật Anh","Trường Trung học phổ thông chuyên Hùng Vương - Gia Lai","1","60","1","62"
"281","tayninh3hlk","Võ Phước Gia Phú","Trường Trung học phổ thông chuyên Hoàng Lê Kha - Tây Ninh","23","36","","59"
"282","nguyentrongtan","Nguyễn Trọng Tấn","Trường Trung học phổ thông chuyên Sơn La - Sơn La","1","56","0","57"
"282","Vuongduy","Trần Hữu Vương Duy","Trường Trung học phổ thông chuyên Trần Hưng Đạo - Bình Thuận","1","56","","57"
"282","kokominosimp","Bùi Đăng Toán","Trường Trung học phổ thông chuyên Tuyên Quang - Tuyên Quang","1","56","","57"
"282","hh1306","Trần Lê Hiển","Trường Trung học phổ thông chuyên Biên Hòa - Hà Nam","1","56","","57"
"286","mahdugg06","Đinh Mạnh Dũng","Trường Trung học phổ thông chuyên Biên Hòa - Hà Nam","","56","","56"
"286","KTD","Khương Tiến Đạt","Trường Trung học phổ thông chuyên Hoàng Văn Thụ - Hòa Bình","1","55","","56"
"288","txdat","Trần Xuân Đạt","Trường Trung học phổ thông chuyên Võ Nguyên Giáp - Quảng Bình","1","40","14","55"
"288","snooze","Nguyễn Khắc Thụy","Trường Trung học phổ thông chuyên Trần Hưng Đạo - Bình Thuận","1","54","","55"
"288","Luattapcode","Huỳnh Quốc Luật","THPT Chuyên Lê Khiết","29","26","","55"
"291","Ducthien19","Phạm Đức Thiện","Trường Trung học phổ thông chuyên Sơn La - Sơn La","53","","","53"
"292","hunggtq","Phạm Gia Hưng","Trường Trung học phổ thông chuyên Tuyên Quang - Tuyên Quang","15","37","","52"
"292","phuc050607","Vũ Hoàng Phúc","Trường Trung học phổ thông chuyên Trần Hưng Đạo - Bình Thuận","1","51","","52"
"292","thanh3008","Lê Văn Thành","Trường Trung học phổ thông chuyên Tuyên Quang - Tuyên Quang","1","51","","52"
"295","LeBaoAn","Lê Bảo An","Trường Trung học phổ thông chuyên Nguyễn Du - Đắk Lắk","23","26","1","50"
"296","ngda290307","Nguyễn Duy Anh","Trường Trung học phổ thông chuyên Sơn La - Sơn La","36","13","0","49"
"296","thanhAOC123","Trần Tiến Thành","Trường Trung học phổ thông chuyên Nguyễn Tất Thành - Yên Bái","1","47","1","49"
"298","nguyenmautansang","Nguyễn Mậu Tấn Sang","Trường Trung học phổ thông chuyên Võ Nguyên Giáp - Quảng Bình","23","25","0","48"
"298","tolavkhang","Nguyễn Hồ Vĩnh Khang","Trường Trung học phổ thông chuyên Nguyễn Tất Thành - Kon Tum","29","19","","48"
"300","nguyendanghung","Nguyễn Đăng Hưng","Trường Trung học phổ thông chuyên Lý Tự Trọng - Cần Thơ","11","36","","47"
"301","thanh20092007","Vũ Tiến Thành","Trường Trung học phổ thông chuyên Lam Sơn - Thanh Hóa","23","22","1","46"
"302","ntdung254","Nguyễn Tấn Dũng","Trường Trung học phổ thông chuyên Trần Hưng Đạo - Bình Thuận","45","0","","45"
"303","kophaiquang08","Trần Đăng Quang","THPT Chuyên Phan Bội Châu, Nghệ An","1","13","30","44"
"304","maiviethieu2007","Mai Việt Hiếu","Trường Trung học phổ thông chuyên Lê Khiết - Quảng Ngãi","29","12","0","41"
"305","ND02","Đặng Mai Chi","Trường Trung học phổ thông chuyên Lê Hồng Phong - Nam Định","15","25","","40"
"306","Cwistor","Nguyễn Minh Chí","Trường Trung học phổ thông chuyên Hùng Vương - Bình Dương","29","10","","39"
"307","trvhung","Trần Việt Hưng","Trường Trung học phổ thông chuyên Võ Nguyên Giáp - Quảng Bình","23","12","3","38"
"307","minhchau1101","Phan Minh Châu","Trường Trung học phổ thông chuyên Nguyễn Du - Đắk Lắk","1","37","","38"
"309","bunsmvm","Mai Ngọc Phú","Trường Trung học phổ thông chuyên Lê Khiết - Quảng Ngãi","23","13","0","36"
"310","TEO_TEO","Trần Minh Quốc","Trường Trung học phổ thông chuyên Huỳnh Mẫn Đạt - Kiên Giang","6","26","0","32"
"311","trietlailaptrinh","Huỳnh Minh Triết","Trường Trung học phổ thông chuyên Huỳnh Mẫn Đạt - Kiên Giang","23","5","2","30"
"312","namprozz","Đặng Hoàng Nam","Trường Trung học phổ thông chuyên Thăng Long - Lâm Đồng","1","27","1","29"
"313","hieuhfgr","Nguyễn Minh Hiếu","Trường Trung học phổ thông Chi Lăng - Gia Lai","23","4","1","28"
"314","phanquoctrieu","Phan Quốc Triệu","Trường Trung học phổ thông chuyên Sơn La - Sơn La","23","3","","26"
"315","thaitp2009","Trần Phúc Thái","Trường Phổ thông Năng khiếu - Đại học Quốc gia Thành phố Hồ Chí Minh - Thành phố Hồ Chí Minh","","25","","25"
"316","tdet141","Nguyễn Tiến Đạt","Trường Trung học phổ thông chuyên Nguyễn Huệ - Hà Nội","","","24","24"
"317","re4ler","Nguyễn Mạnh Kiên","Trường Trung học phổ thông chuyên Nguyễn Huệ - Hà Nội","","","23","23"
"317","1502dth","Dương Thế Hưng","Trường Trung học phổ thông chuyên Nguyễn Huệ - Hà Nội","","","23","23"
"317","leduythanh1506","Lê Duy Thành","Trường Trung học phổ thông chuyên Lê Khiết - Quảng Ngãi","23","","","23"
"317","lequanglam0331","Lê Quang Lâm","Trường Trung học phổ thông chuyên Nguyễn Tất Thành - Yên Bái","23","","","23"
"317","ltfus","Lâm Thành Phú","Trường Trung học phổ thông chuyên Hoàng Văn Thụ - Hòa Bình","23","0","","23"
"317","Spy007","Nguyễn Quốc Thịnh","Trường Trung học phổ thông chuyên Tiền Giang - Tiền Giang","23","","","23"
"323","tayninh1hlk","Lê Nguyễn Gia Huy","Trường Trung học phổ thông chuyên Hoàng Lê Kha - Tây Ninh","1","21","","22"
"324","ND07","Trần Minh Thắng","Trường Trung học phổ thông chuyên Lê Hồng Phong - Nam Định","1","17","","18"
"325","DarkDraven","Trương Hán Phong","Trường Trung học phổ thông chuyên Lê Hồng Phong - Thành phố Hồ Chí Minh","1","16","","17"
"325","tuongtaylor","Nguyễn Viết Tưởng","Trường Trung học phổ thông chuyên Vị Thanh - Hậu Giang","1","16","","17"
"327","ND09","Phạm Đức Lương","Trường Trung học phổ thông chuyên Lê Hồng Phong - Nam Định","1","14","","15"
"328","dang08052008","","","1","13","","14"
"329","20vukhacminh","Vũ Khắc Minh","Trường Trung học phổ thông chuyên Biên Hòa - Hà Nam","0","13","","13"
"329","trinhtung","Trịnh Thế Tùng","Trường Trung học phổ thông chuyên Lam Sơn - Thanh Hóa","1","11","1","13"
"331","tranquockhanh244","Trần Quốc Khánh","Trường Trung học phổ thông chuyên Thăng Long - Lâm Đồng","1","11","","12"
"332","dungdao","Đào Quang Dũng","Trường Trung học phổ thông chuyên Sơn La - Sơn La","","10","","10"
"333","theanhcoder","Nguyễn Trần Thế Anh","Trường Trung học phổ thông chuyên Nguyễn Tất Thành - Yên Bái","5","2","","7"
"334","lequynhchi","Lê Quỳnh Chi","Trường Trung học phổ thông chuyên Sơn La - Sơn La","0","6","0","6"
"335","letrungvinh2007","Lê Trung Vinh","Trường Trung học phổ thông chuyên Nguyễn Thị Minh Khai - Sóc Trăng","","5","","5"
"336","XuanTungct","Nguyễn Xuân Tùng","Trường Trung học phổ thông chuyên Nguyễn Du - Đắk Lắk","","4","","4"
"337","imnotsunshine","Trần Bình Minh","Trường Trung học phổ thông chuyên Phan Bội Châu - Nghệ An","1","","","1"
"337","Apeto1111","Bùi Minh Huy","Trường Trung học phổ thông chuyên Lê Hồng Phong - Thành phố Hồ Chí Minh","","1","","1"
"337","e3320198","Huỳnh Khải","Trường Trung học phổ thông chuyên Vị Thanh - Hậu Giang","1","","","1"
"340","moiaaaaaaa","Nguyễn Đình Sơn","Trường Trung học phổ thông chuyên Hà Tĩnh - Hà Tĩnh","","","","0"
"340","abcd_1234","Dương Anh Kiệt","Trường Trung học Phổ thông chuyên Nguyễn Quang Diêu - Đồng Tháp","","","","0"
"340","buihuytuan","Bùi Huy Tuấn","Trường Trung học phổ thông chuyên Vĩnh Phúc - Vĩnh Phúc","0","","","0"
"340","khoaha123","Hà Nhật Khoa","Trường Trung học phổ thông chuyên Huỳnh Mẫn Đạt - Kiên Giang","","","","0"
"340","vuongkm","Kiều Minh Vương","Trường Trung học phổ thông chuyên Hùng Vương - Phú Thọ","","","","0"
"340","cpp_nopro","Ngô Viết Tình","Trường Trung học phổ thông chuyên Hùng Vương - Phú Thọ","","","","0"
"340","manh","Vũ Bá Mạnh","Trường Trung học phổ thông chuyên Hùng Vương - Gia Lai","","0","","0"
"340","haventers","Lê Quốc Thịnh","Trường Trung học phổ thông chuyên Nguyễn Đình Chiểu - Đồng Tháp","","","","0"
"340","huykgchv","Kiều Gia Huy","Trường Trung học phổ thông chuyên Hùng Vương - Phú Thọ","","","","0"
"340","Tatooka","Phạm Nguyễn Thiên Tường","Trường Trung học phổ thông chuyên Huỳnh Mẫn Đạt - Kiên Giang","","","","0"
"340","trieukhang08","Trương Triệu Khang","Trường Trung học phổ thông chuyên Huỳnh Mẫn Đạt - Kiên Giang","","","","0"
"340","trieuphucthinh77","Triệu Phúc Thịnh","free fire","","","","0"
"340","dongpro3lol","Nguyễn Thành Đông","Trường Trung học phổ thông chuyên Huỳnh Mẫn Đạt - Kiên Giang","","","","0"
"340","nvc2k8","Nguyễn Việt Cường","Trường Trung học phổ thông chuyên Huỳnh Mẫn Đạt - Kiên Giang","","","","0"
"340","DL_DoanTrongTuan2009","Đoàn Trọng Tuấn","Trường Trung học phổ thông chuyên Nguyễn Du - Đắk Lắk","","","","0"
"340","snow1994","Lê Thanh Bình","Trường Trung học phổ thông chuyên Quang Trung - Bình Phước","0","","","0"
"340","something","Lâm Nhật Thanh","Trường Trung học phổ thông chuyên Lê Hồng Phong - Thành phố Hồ Chí Minh","","","","0"
"340","ngocson","Nguyễn Ngọc Sơn","Trường Trung học phổ thông chuyên Lê Hồng Phong - Nam Định","0","0","0","0"
"340","Laungocbao","Làu Ngọc Bảo","Trường Trung học phổ thông chuyên Nguyễn Chí Thanh - Đắk Nông","","","","0"
"340","Mikael639","Võ Gia Minh","Trường Trung học phổ thông chuyên Lê Quý Đôn - Bà Rịa – Vũng Tàu","","","","0"
"340","PROCLASS123","Lưu Thành Long","Trường Trung học phổ thông chuyên Quang Trung - Bình Phước","0","","","0"
"340","shiroboyy","Ngô Huy Mạnh Tùng","Trường Trung học phổ thông chuyên Nguyễn Chí Thanh - Đắk Nông","","","","0"
"340","maithehung123","","","","","","0"
"340","cuctuyetaz258","Nguyễn Thị Ánh Tuyết","Trường Trung học phổ thông chuyên Nguyễn Chí Thanh - Đắk Nông","","","","0"
"340","phong208","Nguyễn Bá Phong","Trường Trung học phổ thông chuyên Nguyễn Huệ - Hà Nội","","","","0"
"340","hdphu","Huỳnh Đức Phú","Trường Trung học phổ thông chuyên Lê Thánh Tông - Quảng Nam","","","","0"
"340","duycap137","Cáp Thành Duy","Trường Trung học phổ thông chuyên Nguyễn Chí Thanh - Đắk Nông","","","","0"
"340","SP_Caramen","Đỗ Việt Khánh","Trường Trung học phổ thông chuyên Lê Quý Đôn - Bình Định","0","","","0"
"340","RevolutionzXD","Nguyễn Thiện Nhân","Trường Trung học phổ thông chuyên Hùng Vương - Gia Lai","0","0","","0"
"340","duonggofficial","Đỗ Ngọc Dương","Trường Trung học phổ thông chuyên Nguyễn Chí Thanh - Đắk Nông","0","0","","0"
"340","Cadoc","Phan Minh Quân","Trường Trung học phổ thông chuyên Tiền Giang - Tiền Giang","","","","0"
"340","nguyenphucanhkhoi","Nguyễn Phúc Anh Khôi","Trường Trung học Phổ thông chuyên Nguyễn Quang Diêu - Đồng Tháp","","","","0"
"340","tronghuy","Nguyễn Phú Trọng","Trường Trung học phổ thông chuyên Nguyễn Tất Thành - Kon Tum","","","","0"
"340","patrickngo2007","Ngô Minh Đạt","Trường Trung học phổ thông chuyên Nguyễn Tất Thành - Yên Bái","","","","0"
"374","ninhbinh09","NGUYỄN TRUNG KIÊN","Trường Trung học phổ thông chuyên Lương Văn Tụy - Ninh Bình","94","100","1","-9999"
"374","ninhbinh_kminh","NGUYỄN KHÁNH MINH","Trường Trung học phổ thông chuyên Lương Văn Tụy - Ninh Bình","100","100","1","-9999"
"374","thaidz","Vương Duy Thái","Trường Trung học phổ thông chuyên Nguyễn Huệ - Hà Nội","","","24","-9999"
"374","AhohoFjq","Đặng Thái Kim","Trường Trung học phổ thông Chi Lăng - Gia Lai","0","3","","-9999"
"374","vdtue","Võ Đăng Tuệ","Trường Trung học phổ thông Chi Lăng - Gia Lai","15","3","1","-9999"
"374","01LeHoangAn","Lê Hoàng An","Trường Trung học phổ thông chuyên Biên Hòa - Hà Nam","100","13","1","-9999"
"374","atruename","Phạm Quốc Hoàng Vuông","Trường Trung học phổ thông chuyên Biên Hòa - Hà Nam","100","29","1","-9999"