﻿"","Username","Fullname","School","cup2024r2p1","cup2024r2p2","cup2024r2p3","Points"
"1","TrolleyCoder","Đặng Huy Hậu","Trường Trung học phổ thông chuyên Thăng Long - Lâm Đồng","100","100","90","290"
"1","huyngu235","Đỗ Gia Huy","Trường Trung học phổ thông chuyên Nguyễn Du - Đắk Lắk","100","100","90","290"
"3","nho","Nguyễn Ngọc Nhớ","Trường Trung học phổ thông chuyên Lý Tự Trọng - Cần Thơ","100","99","78","277"
"4","ITK11_DUY","Tống Nguyễn Hà Duy","Trường Trung học phổ thông chuyên Lê Thánh Tông - Quảng Nam","100","100","68","268"
"4","kienht","Thái Văn Gia Kiên","Trường Trung học phổ thông chuyên Hà Tĩnh - Hà Tĩnh","100","100","68","268"
"6","VoThanhHai","Võ Thanh Hải","Trường Trung học phổ thông chuyên Nguyễn Du - Đắk Lắk","100","79","88","267"
"7","Namviet2704","Nguyễn Việt Nam","Trường Trung học phổ thông chuyên Phan Bội Châu - Nghệ An","100","95","68","263"
"8","chinhly","Lý Nguyễn Công Chính","Trường Trung học phổ thông Quang Trung - Bình Định","100","94","65","259"
"9","longlong5a6","Hoàng Văn Long","Trường Trung học phổ thông chuyên Hưng Yên - Hưng Yên","100","100","55","255"
"10","AisukiUwU","Đỗ Thị Minh Hồng","Trường Trung học phổ thông chuyên Nguyễn Huệ - Hà Nội","100","100","48","248"
"10","maithehung123","","","100","100","48","248"
"10","tainguyen217","Nguyễn Tiến Tài","Trường Trung học phổ thông chuyên Hùng Vương - Phú Thọ","83","100","65","248"
"10","duong3982","Hoàng Dương","Trường Trung học phổ thông chuyên Nguyễn Huệ - Hà Nội","100","100","48","248"
"14","kh0i","Lê Trọng Khôi","Trường Trung học phổ thông chuyên Hà Nội – Amsterdam - Hà Nội","100","100","45","245"
"14","ndtnbk","Nguyễn Đình Tài","Trường Trung học phổ thông chuyên Nguyễn Chí Thanh - Đắk Nông","100","100","45","245"
"14","vongocsinh","Võ Ngọc Sinh","Trường Trung học phổ thông chuyên Võ Nguyên Giáp - Quảng Bình","100","100","45","245"
"17","Laungocbao","Làu Ngọc Bảo","Trường Trung học phổ thông chuyên Nguyễn Chí Thanh - Đắk Nông","100","79","65","244"
"18","fryingduc","Giang Trung Minh Đức","Trường Trung học phổ thông chuyên Hà Nội – Amsterdam - Hà Nội","100","75","68","243"
"19","chungnopro22082007","Nguyễn Thành Chung","Trường Trung học phổ thông chuyên Hùng Vương - Phú Thọ","92","100","48","240"
"20","quq","Dương Đăng Quang","Trường Trung học phổ thông chuyên Lý Tự Trọng - Cần Thơ","100","91","48","239"
"21","vantam","Nguyễn Văn Tâm","Trường Trung học phổ thông chuyên Vĩnh Phúc - Vĩnh Phúc","83","100","54","237"
"22","khanhdungtrinh","Trịnh Khánh Dũng","Trường Trung học phổ thông chuyên Lê Quý Đôn - Bình Định","100","100","34","234"
"23","luuphucvinh","Lưu Phúc Vinh","Trường Trung học phổ thông chuyên Trần Phú - Hải Phòng","100","79","54","233"
"23","phungduc3103","Phùng Ngọc Nguyên Đức","Trường THPT Chuyên Lương Thế Vinh - Đồng Nai","100","88","45","233"
"23","tuank40itchv","Lê Anh Tuấn","Trường Trung học phổ thông chuyên Hùng Vương - Phú Thọ","85","100","48","233"
"26","dangduc2102","Đặng Minh Đức","Trường Trung học phổ thông chuyên Hùng Vương - Phú Thọ","84","100","48","232"
"27","ninhbinh06","PHẠM THẾ DŨNG","Trường Trung học phổ thông chuyên Lương Văn Tụy - Ninh Bình","83","97","48","228"
"27","villeclaude","Hoàng Văn Trà","Trường Trung học phổ thông chuyên Bắc Giang - Bắc Giang","83","100","45","228"
"27","trendbattles","Nguyễn Nguyễn Gia Bảo","Trường Trung học phổ thông chuyên Quốc Học - Thừa Thiên Huế","83","100","45","228"
"30","Helixdot__123","Nguyễn Ngọc Lân","Trường Trung học phổ thông chuyên Hưng Yên - Hưng Yên","100","79","48","227"
"30","sqrtN","Trần Anh Thi","Trường Trung học phổ thông chuyên Lê Quý Đôn - Bình Định","100","75","52","227"
"32","hungmaxx","Hoàng Mạnh Hùng","Trường Trung học phổ thông chuyên Nguyễn Chí Thanh - Đắk Nông","100","100","25","225"
"32","Thanhs","Nguyễn Xuân Chí Thanh","Trường Trung học phổ thông chuyên Khoa học Tự nhiên - Trường Đại học Khoa học Tự nhiên, Đại học Quốc gia Hà Nội - Hà Nội","100","100","25","225"
"32","Cookie","Lê Viết Nam Khôi, Thành phố Hồ Chí Minh","Trường TH-THCS-THPT Việt-Úc - Thành phố Hồ Chí Minh","100","100","25","225"
"32","nthquan1505","Nguyễn Trần Hoàng Quân","Trường Trung học phổ thông chuyên Lương Thế Vinh - Đồng Nai","100","77","48","225"
"36","dwuy","Nguyễn Phạm Đức Huy","Trường Trung học phổ thông Gia Định - Thành phố Hồ Chí Minh","100","79","45","224"
"37","nghung","Nguyễn Mạnh Hùng","Trường Trung học phổ thông chuyên Hùng Vương - Bình Dương","83","75","65","223"
"38","hoangnoobpro","Nguyễn Lê Huy Hoàng","Trường Trung học phổ thông chuyên Phan Bội Châu - Nghệ An","54","100","68","222"
"39","Thang_Nguyen","Nguyễn Cao Quốc Thắng","Trường Trung học phổ thông chuyên Lê Quý Đôn - Ninh Thuận","100","75","45","220"
"40","hxano","Nguyễn Đăng Khang","Trường Trung học phổ thông chuyên Hùng Vương - Gia Lai","60","100","58","218"
"41","vuongkm","Kiều Minh Vương","Trường Trung học phổ thông chuyên Hùng Vương - Phú Thọ","92","100","25","217"
"42","quagiadecode","Nguyễn Thế Việt Anh","Trường Trung học phổ thông chuyên Bắc Ninh - Bắc Ninh","91","56","68","215"
"43","Ejen","Huỳnh Anh Nhật","Trường Trung học phổ thông chuyên Lê Quý Đôn - Bình Định","100","67","45","212"
"44","bqa100507","Bùi Quang Anh","Trường Trung học phổ thông chuyên Lý Tự Trọng - Cần Thơ","100","62","48","210"
"45","connornguyxn","Nguyễn Tấn Dũng, Phú Thọ","THPT chuyên Hùng Vương - Phú Thọ","60","100","48","208"
"45","nhatanh2k7a","Nguyễn Đào Nhật Anh","Trường Trung học phổ thông chuyên Hùng Vương - Phú Thọ","83","100","25","208"
"45","NTH_CA","Nguyễn Trung Hải","Trường Trung học phổ thông chuyên Hà Nội – Amsterdam - Hà Nội","83","77","48","208"
"48","leminhtuanils27","Lê Minh Tuấn","Trường Trung học phổ thông chuyên Lam Sơn - Thanh Hóa","84","30","90","204"
"49","nltt","Nguyễn Lê Tuấn Tú","Trường Trung học phổ thông chuyên Nguyễn Huệ - Hà Nội","100","100","2","202"
"49","datbuonia171","Nguyễn Thành Đạt","Trường Trung học phổ thông chuyên Hưng Yên - Hưng Yên","100","100","2","202"
"49","DaiDuong12907","Đoàn Đại Dương","Trường Trung học phổ thông chuyên Hưng Yên - Hưng Yên","100","100","2","202"
"49","minhphu29072008","Nguyễn Duy Mình Phú","Trường Trung học phổ thông chuyên Quốc Học - Thừa Thiên Huế","54","100","48","202"
"49","nguyenhainam1012cg","Nguyễn Hải Nam","Trường Trung học phổ thông chuyên Nguyễn Huệ - Hà Nội","100","100","2","202"
"54","HieuKun","Nguyễn Minh Hiệu","","100","67","34","201"
"55","HThinh","Trần Huỳnh Hữu Thịnh","Trường Trung học phổ thông chuyên Lê Thánh Tông - Quảng Nam","100","100","","200"
"55","nvc2k8","Nguyễn Việt Cường","Trường Trung học phổ thông chuyên Huỳnh Mẫn Đạt - Kiên Giang","100","75","25","200"
"55","nguyentienthanh","Nguyễn Tự Kỳ Phong","Trường Trung học phổ thông chuyên Vĩnh Phúc - Vĩnh Phúc","100","100","","200"
"58","Ak2k8","Võ Hoài Anh Khoa","Trường Trung học phổ thông chuyên Quốc Học - Thừa Thiên Huế","54","100","45","199"
"59","tranhaiz100","Phan Sỹ  Danh","Trường Trung học phổ thông chuyên Hà Tĩnh - Hà Tĩnh","100","51","47","198"
"59","sus","Võ Bá Thông","Trường Trung học phổ thông chuyên Nguyễn Du - Đắk Lắk","100","30","68","198"
"61","NguyenPhuNhan","Nguyễn Phú Nhân","Trường Trung học phổ thông chuyên Lê Quý Đôn - Đà Nẵng","29","100","65","194"
"62","anmattroi","Nguyễn Hải An","Trường Trung học phổ thông chuyên Nguyễn Trãi - Hải Dương","25","100","68","193"
"62","minhdq","Đào Quang Minh","Trường Trung học phổ thông chuyên Nguyễn Huệ - Hà Nội","93","100","0","193"
"64","PhcKhnhTapCode","Nguyễn Phúc Khánh","Trường Trung học phổ thông chuyên Hùng Vương - Phú Thọ","100","67","25","192"
"65","nguyentai090908","La Nguyên Tài","Trường THCS & THPT Đống Đa - Lâm Đồng","83","59","45","187"
"65","lexuantrong","Lê Xuân Trọng","Trường Trung học phổ thông chuyên Hùng Vương - Bình Dương","100","29","58","187"
"67","TinK30_HTManh","Hoàng Tiến Mạnh","Trường Trung học phổ thông chuyên Bắc Ninh - Bắc Ninh","91","50","45","186"
"68","No_Name_","Đỗ Pirlo","Trường Trung học phổ thông chuyên Hùng Vương - Bình Dương","60","100","25","185"
"69","tranquyetthang","Trần Quyết Thắng","Trường Trung học phổ thông chuyên Huỳnh Mẫn Đạt - Kiên Giang","83","56","45","184"
"70","hieuhfgr","Nguyễn Minh Hiếu","Trường Trung học phổ thông Chi Lăng - Gia Lai","83","75","25","183"
"70","itachicbh","Đỗ Thành Trọng","Trường Trung học phổ thông chuyên Biên Hòa - Hà Nam","54","100","29","183"
"70","phongtin27","Võ Văn Đạt","Trường Trung học phổ thông chuyên Lê Quý Đôn - Ninh Thuận","54","29","100","183"
"70","ninhbinh04_kuz","ĐINH NGỌC CƯỜNG","Trường Trung học phổ thông chuyên Lương Văn Tụy - Ninh Bình","100","29","54","183"
"70","quocbao123_","Nguyễn Trần Quốc Bảo","Trường Trung học phổ thông chuyên Hà Tĩnh - Hà Tĩnh","83","75","25","183"
"75","duckindog","Nguyễn Minh Đưcs","Trường Trung học phổ thông chuyên Trần Phú - Hải Phòng","84","30","68","182"
"75","caotuanphong","Cao Tuấn Phong","Trường Trung học phổ thông chuyên Phan Bội Châu - Nghệ An","84","30","68","182"
"77","trandaihao5555","Trần Đại Hào","Trường Trung học phổ thông chuyên Lương Văn Chánh - Phú Yên","100","56","25","181"
"78","ninhbinh03_khang09","NGUYỄN ĐẠI KHANG","Trường Trung học phổ thông chuyên Lương Văn Tụy - Ninh Bình","83","29","68","180"
"79","Kotoha","Nguyễn Thúc Trung Kiên","Trường Trung học phổ thông chuyên Quốc Học - Thừa Thiên Huế","54","100","25","179"
"79","nathan4690","Nguyễn Viết Trung Nhân","Trường Trung học phổ thông chuyên Khoa học Tự nhiên - Trường Đại học Khoa học Tự nhiên, Đại học Quốc gia Hà Nội - Hà Nội","31","100","48","179"
"79","hungtien2202","Trần Hưng Tiến","Trường Trung học phổ thông chuyên Quốc Học - Thừa Thiên Huế","54","100","25","179"
"82","Mochi","Nguyễn Long Nhật","Trường Trung học phổ thông chuyên Lê Khiết - Quảng Ngãi","54","79","45","178"
"82","datmacoder","Hoàng Thế Thành Đạt","Trường Trung học phổ thông chuyên Võ Nguyên Giáp - Quảng Bình","18","75","85","178"
"84","louis_no_pro","Lưu Minh Hiếu","Trường Trung học phổ thông chuyên Lê Quý Đôn - Bình Định","100","75","2","177"
"84","tolavkhang","Nguyễn Hồ Vĩnh Khang","Trường Trung học phổ thông chuyên Nguyễn Tất Thành - Kon Tum","54","75","48","177"
"84","binminh01","Nguyễn Nhật Minh","Trường Trung học phổ thông chuyên Khoa học Tự nhiên - Trường Đại học Khoa học Tự nhiên, Đại học Quốc gia Hà Nội - Hà Nội","29","100","48","177"
"84","tminh_hk20","Trương Tấn Minh","Trường Trung học phổ thông chuyên Quang Trung - Bình Phước","100","29","48","177"
"84","Clams","","","100","29","48","177"
"89","ND03","Ninh Đức Nam","Trường Trung học phổ thông chuyên Lê Hồng Phong - Nam Định","54","100","22","176"
"89","TheFallenOne","Nguyễn Dĩ Thái","Trường Trung học phổ thông chuyên Nguyễn Du - Đắk Lắk","54","75","47","176"
"91","Mikael639","Võ Gia Minh","Trường Trung học phổ thông chuyên Lê Quý Đôn - Bà Rịa – Vũng Tàu","100","30","45","175"
"92","itsQuang","Trịnh Minh Quang","Trường Trung học phổ thông chuyên Lý Tự Trọng - Cần Thơ","83","29","58","170"
"93","vnedu","","","","100","68","168"
"94","lemon4life","Hoàng Nguyên Anh","Trường Trung học phổ thông chuyên Quốc Học - Thừa Thiên Huế","54","68","45","167"
"94","cpp_nopro","Ngô Viết Tình","Trường Trung học phổ thông chuyên Hùng Vương - Phú Thọ","100","67","","167"
"94","NeOWamiITB","Hoàng Hồ Minh Quang","Trường Trung học phổ thông chuyên Bình Long - Bình Phước","83","59","25","167"
"94","huudai1832008","Nguyễn Hữu Đại","Trường Trung học phổ thông chuyên Hùng Vương - Bình Dương","100","67","","167"
"94","latr","Lê Anh Trí","Trường Trung học phổ thông chuyên Hà Nội – Amsterdam - Hà Nội","100","67","","167"
"94","ltfus","Lâm Thành Phú","Trường Trung học phổ thông chuyên Hoàng Văn Thụ - Hòa Bình","100","67","0","167"
"100","tthanhloi2007","Trần Thành Lợi","Trường Trung học phổ thông chuyên Huỳnh Mẫn Đạt - Kiên Giang","4","97","65","166"
"101","tolapuoiii","Bùi Nguyên Vũ","Trường Trung học phổ thông chuyên Hoàng Văn Thụ - Hòa Bình","100","0","65","165"
"101","khoihk20","Nguyễn Mai Khôi","Trường Trung học phổ thông chuyên Quang Trung - Bình Phước","0","100","65","165"
"103","aajayagh","Ngô Thảo Anh","Trường Trung học phổ thông chuyên Lê Quý Đôn - Bà Rịa – Vũng Tàu","31","100","32","163"
"103","Tatooka","Phạm Nguyễn Thiên Tường","Trường Trung học phổ thông chuyên Huỳnh Mẫn Đạt - Kiên Giang","83","32","48","163"
"105","Doi_tui_ban_hanh","Tạ Hữu Dương","Trường Trung học phổ thông chuyên Nguyễn Trãi - Hải Dương","29","79","54","162"
"106","approx","Nguyễn Minh Khang","Trường Trung học phổ thông chuyên Lý Tự Trọng - Cần Thơ","84","29","48","161"
"106","buivietthanh","Bùi Viết Thành","Trường Trung học phổ thông chuyên Lương Thế Vinh - Đồng Nai","83","30","48","161"
"108","lamlamlam","Nguyễn Đăng Tùng Lâm","Trường Trung học phổ thông chuyên Hà Nội – Amsterdam - Hà Nội","31","95","34","160"
"108","KurimiyaMirai","Giang Quang Thắng","Trường Trung học phổ thông chuyên Nguyễn Tất Thành - Yên Bái","83","29","48","160"
"108","Tommit_Teok4","Nguyễn Đăng Quang","Trường Trung học phổ thông chuyên Nguyễn Trãi - Hải Dương","60","100","","160"
"111","bngphuc","Bùi Nguyên Phúc","Trường Trung học phổ thông chuyên Quang Trung - Bình Phước","54","59","45","158"
"112","nguyentien0101","Nguyễn Trọng Tiến","Trường Trung học phổ thông chuyên Hùng Vương - Bình Dương","83","29","45","157"
"113","whitezeros1410","Phan Nguyễn Quốc Bảo","Trường Trung học phổ thông chuyên Bình Long - Bình Phước","100","31","25","156"
"114","nguyhoangphu","","","60","47","48","155"
"114","tronghuy","Nguyễn Phú Trọng","Trường Trung học phổ thông chuyên Nguyễn Tất Thành - Kon Tum","100","30","25","155"
"114","lamlamjjdo","quabuonngu","Trường Trung học phổ thông chuyên Bắc Ninh - Bắc Ninh","30","100","25","155"
"117","hiuwsss","Bùi Thành Hiếu","Trường Trung học phổ thông chuyên Hùng Vương - Gia Lai","100","29","25","154"
"117","trannhanminh","Trần Nhân Minh","Trường Trung học phổ thông chuyên Nguyễn Trãi - Hải Dương","54","75","25","154"
"117","duyoke","Trần Đức Duy","Trường Trung học phổ thông chuyên Lý Tự Trọng - Cần Thơ","100","29","25","154"
"120","ghuy4g","Vũ Gia Huy","Trường Trung học phổ thông chuyên Nguyễn Huệ - Hà Nội","31","77","45","153"
"121","PhanHuyKhang","Phan Huy Khang","Trường Trung học phổ thông chuyên Lê Quý Đôn - Đà Nẵng","54","55","43","152"
"122","ntminh2409","Nguyễn Tấn Minh","Trường Trung học phổ thông chuyên Quốc Học - Thừa Thiên Huế","54","29","68","151"
"123","ASURA34","Đỗ Mạnh Hiệp","Trường Trung học phổ thông chuyên Nguyễn Trãi - Hải Dương","60","56","34","150"
"124","subjectt74","Đặng Vương Trung Hiếu","Trường Trung học phổ thông chuyên Lương Văn Tụy - Ninh Bình","100","4","45","149"
"124","khanhss","Lê Nam Khánh","Trường Trung học phổ thông chuyên Lê Quý Đôn - Ninh Thuận","100","1","48","149"
"126","20vukhacminh","Vũ Khắc Minh","Trường Trung học phổ thông chuyên Biên Hòa - Hà Nam","7","75","65","147"
"127","VVUU","Phan Anh Vũ","Trường Trung học phổ thông chuyên Quang Trung - Bình Phước","100","1","45","146"
"127","patrickngo2007","Ngô Minh Đạt","Trường Trung học phổ thông chuyên Nguyễn Tất Thành - Yên Bái","","98","48","146"
"129","duonghoangphong","Dương Hoàng Phong","Trường Trung học phổ thông chuyên Phan Bội Châu - Nghệ An","","100","44","144"
"130","Art","Bùi Hải Đăng","Trường Trung học phổ thông chuyên Biên Hòa - Hà Nam","29","75","38","142"
"130","namprozz","Đặng Hoàng Nam","Trường Trung học phổ thông chuyên Thăng Long - Lâm Đồng","29","65","48","142"
"132","huyjavalt01","Phạm Tuấn Khanh","Trường Trung học phổ thông chuyên Nguyễn Huệ - Hà Nội","26","67","48","141"
"132","VuongQuocHuy","Vương Quốc Huy","Trường Trung học phổ thông chuyên Hùng Vương - Bình Dương","60","32","49","141"
"134","datp3877","Phan Thanh Đạt","Trường Trung học phổ thông chuyên Võ Nguyên Giáp - Quảng Bình","31","29","78","138"
"135","nguyenphucanhkhoi","Nguyễn Phúc Anh Khôi","Trường Trung học Phổ thông chuyên Nguyễn Quang Diêu - Đồng Tháp","60","29","48","137"
"135","quanglm","Lê Minh Quang","Trường Trung học phổ thông chuyên Nguyễn Huệ - Hà Nội","60","29","48","137"
"137","VuQuangSang","Vũ Quang Sáng","Trường Trung học phổ thông chuyên Lê Khiết - Quảng Ngãi","13","75","48","136"
"137","tuanminh510467","Trịnh Hữu Tuấn Minh","Trường Trung học phổ thông chuyên Bắc Giang - Bắc Giang","29","59","48","136"
"139","VuKhoiNguyen","Vũ Khôi Nguyên","Trường Trung học phổ thông chuyên Hưng Yên - Hưng Yên","99","1","34","134"
"139","Mahirunn","Trần Quốc Khánh","Trường Trung học phổ thông chuyên Tuyên Quang - Tuyên Quang","60","29","45","134"
"139","ninhbinh007_seven","BÙI TÙNG LINH","Trường Trung học phổ thông chuyên Lương Văn Tụy - Ninh Bình","0","77","57","134"
"142","lamhungvi","Lâm Hùng Vĩ, Sóc Trăng","THPT chuyên Nguyễn Thị Minh Khai - Sóc Trăng","","67","65","132"
"142","arc","Hoàng Mạnh Linh","Trường Trung học phổ thông chuyên Phan Bội Châu - Nghệ An","100","30","2","132"
"142","ngmtuan","Nguyễn Minh Tuấn","Trường Trung học phổ thông chuyên Hà Nội – Amsterdam - Hà Nội","0","64","68","132"
"145","totenlinh","Phạm Tuấn Linh","Trường Trung học phổ thông chuyên Biên Hòa - Hà Nam","29","100","2","131"
"145","buihuytuan","Bùi Huy Tuấn","Trường Trung học phổ thông chuyên Vĩnh Phúc - Vĩnh Phúc","2","75","54","131"
"145","Quangthieunang","","","31","100","","131"
"145","hiensumi","Phạm Duy Hiển","Trường Trung học phổ thông chuyên Lê Khiết - Quảng Ngãi","54","75","2","131"
"149","nmtri099019","Nguyễn Minh Trí","Trường Trung học Phổ thông chuyên Nguyễn Quang Diêu - Đồng Tháp","53","29","48","130"
"150","letrungggg","Nguyễn Lê Trung","Trường Trung học phổ thông chuyên Bắc Ninh - Bắc Ninh","2","79","48","129"
"150","theanhcoder","Nguyễn Trần Thế Anh","Trường Trung học phổ thông chuyên Nguyễn Tất Thành - Yên Bái","60","67","2","129"
"150","qdqkfjbkbk","Phạm Vũ Đăng","Trường Trung học phổ thông chuyên Hà Nội – Amsterdam - Hà Nội","29","35","65","129"
"153","Son2008","Nguyễn Phúc Hải Sơn","Trường Trung học phổ thông chuyên Hà Tĩnh - Hà Tĩnh","26","100","2","128"
"153","Cadoc","Phan Minh Quân","Trường Trung học phổ thông chuyên Tiền Giang - Tiền Giang","1","79","48","128"
"153","trvhung","Trần Việt Hưng","Trường Trung học phổ thông chuyên Võ Nguyên Giáp - Quảng Bình","54","29","45","128"
"156","meoxu","Nguyễn Phan Minh Nhật","Trường Trung học phổ thông chuyên Quốc Học - Thừa Thiên Huế","2","100","25","127"
"157","nthao1004","Nguyễn Thị Phương Thảo","Trường Trung học phổ thông chuyên Nguyễn Trãi - Hải Dương","29","75","22","126"
"158","ntdung254","Nguyễn Tấn Dũng","Trường Trung học phổ thông chuyên Trần Hưng Đạo - Bình Thuận","18","59","48","125"
"158","DarkDraven","Trương Hán Phong","Trường Trung học phổ thông chuyên Lê Hồng Phong - Thành phố Hồ Chí Minh","2","75","48","125"
"158","TrungBac2105","Phan Trung Bạc","Trường Trung học phổ thông Chu Văn An - Đồng Tháp","29","29","67","125"
"158","bunsmvm","Mai Ngọc Phú","Trường Trung học phổ thông chuyên Lê Khiết - Quảng Ngãi","13","67","45","125"
"158","Phus","Nguyễn Văn Cường Phú","Trường Trung học phổ thông chuyên Bắc Ninh - Bắc Ninh","31","29","65","125"
"158","btoandz","Nguyễn Ngọc Bảo Toàn","Trường Trung học phổ thông chuyên Phan Bội Châu - Nghệ An","","100","25","125"
"158","fucfan","Phan Trọng Phúc","Trường Trung học phổ thông chuyên Hùng Vương - Bình Dương","","100","25","125"
"165","phancddev","Phan Công Dũng","Trường Trung học phổ thông chuyên Quốc Học - Thừa Thiên Huế","27","29","68","124"
"166","kimnhatdev1106","Trần Kim Nhật","Trường THPT Hương Khê","26","75","22","123"
"166","Zylenox","Phạm Hải Đăng","Trường Trung học phổ thông chuyên Hưng Yên - Hưng Yên","60","61","2","123"
"166","Luattapcode","Huỳnh Quốc Luật","THPT Chuyên Lê Khiết","","75","48","123"
"166","ninhbinh09","NGUYỄN TRUNG KIÊN","Trường Trung học phổ thông chuyên Lương Văn Tụy - Ninh Bình","31","67","25","123"
"170","PROCLASS123","Lưu Thành Long","Trường Trung học phổ thông chuyên Quang Trung - Bình Phước","2","95","25","122"
"171","tranthuanhieu1","Trần Thuận Hiếu","Trường Trung học phổ thông chuyên Hà Nội – Amsterdam - Hà Nội","100","19","2","121"
"172","tranquockhanh244","Trần Quốc Khánh","Trường Trung học phổ thông chuyên Thăng Long - Lâm Đồng","25","29","65","119"
"172","tayninh5hlk","Đỗ Gia Huy","Trường Trung học phổ thông chuyên Hoàng Lê Kha - Tây Ninh","84","1","34","119"
"174","nguyen_phong_2007","Nguyễn Nguyên Phong","Trường Trung học phổ thông chuyên Nguyễn Huệ - Hà Nội","31","38","48","117"
"174","nnnn_nnnn","","","60","32","25","117"
"176","Tame","Phan Anh Tuấn","Trường Trung học phổ thông chuyên Lê Quý Đôn - Bình Định","1","67","48","116"
"176","ninhbinh03","ĐIỀN HẢI ĐĂNG","Trường Trung học phổ thông chuyên Lương Văn Tụy - Ninh Bình","1","70","45","116"
"176","nguyenthinhuquynh","Nguyễn Thị Như Quỳnh","Trường Trung học phổ thông chuyên Võ Nguyên Giáp - Quảng Bình","48","43","25","116"
"179","tayninh3hlk","Võ Phước Gia Phú","Trường Trung học phổ thông chuyên Hoàng Lê Kha - Tây Ninh","","67","48","115"
"179","pntho1502","Phạm Ngọc Thơ","Trường Trung học phổ thông chuyên Hà Tĩnh - Hà Tĩnh","","67","48","115"
"179","phamducminh538","Phạm Đức Minh","Trường Trung học phổ thông chuyên Võ Nguyên Giáp - Quảng Bình","13","77","25","115"
"179","trieukhang08","Trương Triệu Khang","Trường Trung học phổ thông chuyên Huỳnh Mẫn Đạt - Kiên Giang","","67","48","115"
"179","tranminhtrietdeptrai","Trần Minh Triết","Trường Trung học phổ thông chuyên Phan Bội Châu - Nghệ An","","67","48","115"
"179","Ducthien19","Phạm Đức Thiện","Trường Trung học phổ thông chuyên Sơn La - Sơn La","","67","48","115"
"185","goten2308","Hà Công Anh","Trường Trung học phổ thông chuyên Tuyên Quang - Tuyên Quang","","46","65","111"
"185","sarocdnik","","","29","34","48","111"
"187","vinaka","Nguyễn Trung Hải","Trường Trung học phổ thông chuyên Vĩnh Phúc - Vĩnh Phúc","60","2","48","110"
"187","khangnguyen1211","Nguyễn Đức Khang","Trường Trung học phổ thông chuyên Nguyễn Trãi - Hải Dương","54","56","","110"
"189","nhatday1","Lê Trần Long Nhật","Trường Trung học phổ thông chuyên Quang Trung - Bình Phước","60","29","20","109"
"190","thanhphile983","Lê Thanh Phi","Trường Trung học phổ thông chuyên Lê Khiết - Quảng Ngãi","54","29","25","108"
"191","mingdzx","Vũ Tiến Minh","Trường Trung học phổ thông chuyên Hà Nội – Amsterdam - Hà Nội","","58","48","106"
"191","ninhbinh_kminh","NGUYỄN KHÁNH MINH","Trường Trung học phổ thông chuyên Lương Văn Tụy - Ninh Bình","13","59","34","106"
"191","Infinity","Lê Nguyễn Hiếu An","Trường Trung học phổ thông chuyên Nguyễn Đình Chiểu - Đồng Tháp","29","29","48","106"
"194","ducanhnguyen","Nguyễn Đức Anh","Trường Trung học phổ thông chuyên Nguyễn Chí Thanh - Đắk Nông","50","29","25","104"
"194","SussyCoder","Hoàng Lê Tuấn Nam","Trường Trung học phổ thông chuyên Bình Long - Bình Phước","27","29","48","104"
"194","DangPhucHieu","Đặng Phúc Hiếu","Trường Trung học phổ thông chuyên Lê Quý Đôn - Bình Định","27","75","2","104"
"197","dongpro3lol","Nguyễn Thành Đông","Trường Trung học phổ thông chuyên Huỳnh Mẫn Đạt - Kiên Giang","29","29","45","103"
"197","K32VuThiNgocAnh","Vũ Thị Ngọc Anh","Trường Trung học phổ thông chuyên Bắc Giang - Bắc Giang","2","76","25","103"
"199","phong208","Nguyễn Bá Phong","Trường Trung học phổ thông chuyên Nguyễn Huệ - Hà Nội","","100","2","102"
"199","doducanh01062007","Đỗ Đức Anh","Trường Trung học phổ thông chuyên Biên Hòa - Hà Nam","2","75","25","102"
"199","thaidz","Vương Duy Thái","Trường Trung học phổ thông chuyên Nguyễn Huệ - Hà Nội","","100","2","102"
"202","lmeo","Lê Quang Anh","Trường Trung học phổ thông chuyên Nguyễn Tất Thành - Yên Bái","0","53","48","101"
"202","huykhanh07hd","Đặng Huy Khánh","Trường Trung học phổ thông chuyên Nguyễn Trãi - Hải Dương","27","29","45","101"
"204","1502dth","Dương Thế Hưng","Trường Trung học phổ thông chuyên Nguyễn Huệ - Hà Nội","","100","","100"
"204","cbh_k64_tue","Nguyễn Đức Tuệ","Trường Trung học phổ thông chuyên Biên Hòa - Hà Nam","","100","","100"
"204","sirseven","Huỳnh Minh Triết","Trường Trung học phổ thông chuyên Lê Khiết - Quảng Ngãi","","75","25","100"
"204","PQuang","Đỗ Phú Quang","Trường Trung học phổ thông chuyên Lê Thánh Tông - Quảng Nam","23","29","48","100"
"204","daotran2832008","Trần Thị Bích Đào","Trường Trung học phổ thông chuyên Biên Hòa - Hà Nam","","75","25","100"
"204","phan_dang_hao","Phan Đăng Hào","Trường Trung học phổ thông chuyên Phan Bội Châu - Nghệ An","","100","","100"
"204","Tk5328","Huỳnh Tuấn Khiêm","Trường Trung học phổ thông chuyên Nguyễn Thị Minh Khai - Sóc Trăng","","75","25","100"
"211","Vuongduy","Trần Hữu Vương Duy","Trường Trung học phổ thông chuyên Trần Hưng Đạo - Bình Thuận","","51","48","99"
"212","wayzzjr","","","31","67","","98"
"213","doquangnghia","Đỗ Quang Nghĩa","Trường Trung học phổ thông chuyên Lê Khiết - Quảng Ngãi","2","30","65","97"
"214","snooze","Nguyễn Khắc Thụy","Trường Trung học phổ thông chuyên Trần Hưng Đạo - Bình Thuận","18","30","48","96"
"214","HuyDarwin","Phạm Hồng Huy","Trường Trung học phổ thông chuyên Nguyễn Trãi - Hải Dương","3","45","48","96"
"216","ewfgdfgdfg","Lê Trịnh Duy Bình","Trường Trung học phổ thông chuyên Bình Long - Bình Phước","18","29","48","95"
"216","Terence","Trần Thế Thông","Trường Trung học phổ thông chuyên Nguyễn Thị Minh Khai - Sóc Trăng","","70","25","95"
"216","Phamvuphuong13","Phạm Vũ Phương","Trường Trung học phổ thông chuyên Hà Tĩnh - Hà Tĩnh","26","67","2","95"
"219","ninhbinh02","NGUYỄN THU NGÂN","Trường Trung học phổ thông chuyên Lương Văn Tụy - Ninh Bình","","29","65","94"
"219","minh30082008","Nguyễn Tá Quang Minh","Trường Trung học phổ thông chuyên Bắc Ninh - Bắc Ninh","40","29","25","94"
"219","phungminhdung10tin","Phùng Minh Dũng","Trường Trung học phổ thông chuyên Nguyễn Trãi - Hải Dương","54","15","25","94"
"219","nnnam290508","Nguyễn Nhựt Nam","Trường Trung học Phổ thông chuyên Nguyễn Quang Diêu - Đồng Tháp","31","61","2","94"
"223","yuuaoki","Đỗ Phúc An Nguyên","Trường Trung học phổ thông chuyên Hà Nội – Amsterdam - Hà Nội","60","31","2","93"
"223","EvolutionzXD","Đặng Xuân Bách","Trường Trung học phổ thông chuyên Hùng Vương - Gia Lai","53","29","11","93"
"225","01LeHoangAn","Lê Hoàng An","Trường Trung học phổ thông chuyên Biên Hòa - Hà Nam","18","29","45","92"
"225","thandosonanh","Thân Đỗ Sơn Anh","Trường Trung học phổ thông chuyên Tuyên Quang - Tuyên Quang","12","32","48","92"
"225","10tin_dinhson","Nguyễn Đình Sơn","Trường Trung học phổ thông chuyên Bắc Ninh - Bắc Ninh","18","29","45","92"
"228","huyjav","Nguyễn Gia Huy","Trường Trung học phổ thông chuyên Hưng Yên - Hưng Yên","60","30","","90"
"229","Apeto1111","Bùi Minh Huy","Trường Trung học phổ thông chuyên Lê Hồng Phong - Thành phố Hồ Chí Minh","","89","","89"
"230","nguyentrieuvy123","","Trường Trung học phổ thông chuyên Nguyễn Thị Minh Khai - Sóc Trăng","","63","25","88"
"230","duycap137","Cáp Thành Duy","Trường Trung học phổ thông chuyên Nguyễn Chí Thanh - Đắk Nông","2","1","85","88"
"232","NPGH_123","Nguyễn Phạm Gia Huy","Trường Trung học phổ thông chuyên Lê Khiết - Quảng Ngãi","24","18","45","87"
"233","huyquang_25","Lê Quang Huy","Trường Trung học phổ thông chuyên Võ Nguyên Giáp - Quảng Bình","12","29","45","86"
"234","haventers","Lê Quốc Thịnh","Trường Trung học phổ thông chuyên Nguyễn Đình Chiểu - Đồng Tháp","54","29","2","85"
"235","vdtue","Võ Đăng Tuệ","Trường Trung học phổ thông Chi Lăng - Gia Lai","12","24","48","84"
"235","snow1994","Lê Thanh Bình","Trường Trung học phổ thông chuyên Quang Trung - Bình Phước","30","29","25","84"
"235","SP_Caramen","Đỗ Việt Khánh","Trường Trung học phổ thông chuyên Lê Quý Đôn - Bình Định","7","29","48","84"
"238","Kphong","Nguyễn Khánh Phong","Trường Trung học phổ thông chuyên Tuyên Quang - Tuyên Quang","","29","54","83"
"238","hlongze","Trần Hoàng Long","Trường Trung học phổ thông chuyên Lê Quý Đôn - Bà Rịa – Vũng Tàu","83","","","83"
"238","khanhtam2406","Phạm Khánh Tâm","Trường Trung học Phổ thông chuyên Nguyễn Quang Diêu - Đồng Tháp","6","29","48","83"
"238","HWE","Thiều Nguyễn Huy","Trường Trung học phổ thông chuyên Lê Quý Đôn - Đà Nẵng","29","29","25","83"
"242","dangcuber07","Lưu Hải Đăng","Trường Trung học phổ thông chuyên Nguyễn Trãi - Hải Dương","","56","25","81"
"243","k12_khoi","Lê Thiện Khôi","Trường Trung học phổ thông chuyên Lê Thánh Tông - Quảng Nam","0","15","65","80"
"244","re4ler","Nguyễn Mạnh Kiên","Trường Trung học phổ thông chuyên Nguyễn Huệ - Hà Nội","","79","0","79"
"244","nguyentrongtan","Nguyễn Trọng Tấn","Trường Trung học phổ thông chuyên Sơn La - Sơn La","12","67","","79"
"246","thanhvohoan","Trương Hữu Phước","Trường Trung học phổ thông chuyên Trần Hưng Đạo - Bình Thuận","1","75","2","78"
"246","manh","Vũ Bá Mạnh","Trường Trung học phổ thông chuyên Hùng Vương - Gia Lai","","30","48","78"
"246","RevolutionzXD","Nguyễn Thiện Nhân","Trường Trung học phổ thông chuyên Hùng Vương - Gia Lai","1","29","48","78"
"249","truongnbhvttin2225","Nguyễn Bá Trường","Trường Trung học phổ thông chuyên Hoàng Văn Thụ - Hòa Bình","17","60","","77"
"249","hungnguyenmanh2k8","Nguyễn Mạnh Hùng","Trường Trung học phổ thông chuyên Hưng Yên - Hưng Yên","","52","25","77"
"249","Shiba_Engine","Nguyễn Nhật Anh","Trường Trung học phổ thông chuyên Lương Văn Chánh - Phú Yên","","32","45","77"
"249","tayninh6hlk","Lê Nhựt Trí","Trường Trung học phổ thông chuyên Hoàng Lê Kha - Tây Ninh","","75","2","77"
"249","tayninh2hlk","Nguyễn Hữu Quang","Trường Trung học phổ thông chuyên Hoàng Lê Kha - Tây Ninh","60","15","2","77"
"249","tonytung0704","Nguyễn Thanh Tùng","Trường Trung học phổ thông chuyên Trần Phú - Hải Phòng","","29","48","77"
"255","phuc050607","Vũ Hoàng Phúc","Trường Trung học phổ thông chuyên Trần Hưng Đạo - Bình Thuận","1","29","45","75"
"255","nghiaaa","Đặng Thành Nghĩa","Trường Trung học phổ thông chuyên Lê Hồng Phong - Thành phố Hồ Chí Minh","0","75","","75"
"257","Spy007","Nguyễn Quốc Thịnh","Trường Trung học phổ thông chuyên Tiền Giang - Tiền Giang","27","47","","74"
"257","ngohuytin007","Ngô Huy Tín","Trường Trung học phổ thông chuyên Lê Quý Đôn - Bình Định","","29","45","74"
"257","kqhuy","Kiều Quang Huy","Trường Trung học phổ thông chuyên Trần Hưng Đạo - Bình Thuận","45","29","","74"
"260","nguyenmautansang","Nguyễn Mậu Tấn Sang","Trường Trung học phổ thông chuyên Võ Nguyên Giáp - Quảng Bình","18","51","4","73"
"260","VuHoaiBang","Vũ Hoài Băng","","13","15","45","73"
"262","phamhunganh205","Phạm Hùng Anh","Trường Trung học phổ thông chuyên Trần Hưng Đạo - Bình Thuận","18","29","25","72"
"263","ahihi12133","Đỗ Văn Hải","Trường Trung học phổ thông chuyên Hưng Yên - Hưng Yên","1","22","48","71"
"264","giabaotq07","Lý Gia Bảo","Trường Trung học phổ thông chuyên Tuyên Quang - Tuyên Quang","13","57","0","70"
"265","leduythanh1506","Lê Duy Thành","Trường Trung học phổ thông chuyên Lê Khiết - Quảng Ngãi","","67","2","69"
"265","hdphu","Huỳnh Đức Phú","Trường Trung học phổ thông chuyên Lê Thánh Tông - Quảng Nam","","67","2","69"
"265","letrungvinh2007","Lê Trung Vinh","Trường Trung học phổ thông chuyên Nguyễn Thị Minh Khai - Sóc Trăng","54","15","","69"
"268","Bui_Quoc_Cuong","Bùi Quốc Cường","Trường Trung học phổ thông chuyên Lê Khiết - Quảng Ngãi","16","30","22","68"
"268","trtduong301","Trương Tiến Dương","Trường Trung học phổ thông chuyên Hùng Vương - Gia Lai","13","30","25","68"
"270","wuan","Hoàng Minh Quân","Trường Trung học phổ thông chuyên Hà Nội – Amsterdam - Hà Nội","","67","","67"
"270","sumopro","Đỗ Hoàng Minh","Trường Trung học phổ thông chuyên Bình Long - Bình Phước","0","67","0","67"
"270","XuanTungct","Nguyễn Xuân Tùng","Trường Trung học phổ thông chuyên Nguyễn Du - Đắk Lắk","","67","","67"
"270","escobrando","Từ Đức Uy Vũ","Trường Trung học phổ thông chuyên Lê Hồng Phong - Thành phố Hồ Chí Minh","","67","","67"
"270","dang08052008","","","","67","","67"
"270","txdat","Trần Xuân Đạt","Trường Trung học phổ thông chuyên Võ Nguyên Giáp - Quảng Bình","13","29","25","67"
"276","Sherwin","Hoàng Đình Hải Vương","Trường Trung học phổ thông chuyên Nguyễn Du - Đắk Lắk","0","","65","65"
"277","kokominosimp","Bùi Đăng Toán","Trường Trung học phổ thông chuyên Tuyên Quang - Tuyên Quang","1","15","48","64"
"278","TEO_TEO","Trần Minh Quốc","Trường Trung học phổ thông chuyên Huỳnh Mẫn Đạt - Kiên Giang","0","15","48","63"
"278","chikimiri","","","","61","2","63"
"278","AhohoFjq","Đặng Thái Kim","Trường Trung học phổ thông Chi Lăng - Gia Lai","","15","48","63"
"278","AnhSieu","Dương Anh Kiệt","Trường Trung học phổ thông chuyên Huỳnh Mẫn Đạt - Kiên Giang","18","20","25","63"
"278","Kieu111107","Trần Văn Kiểu","Trường Trung học phổ thông chuyên Hùng Vương - Gia Lai","25","38","","63"
"283","Ai_2007","Trịnh Quốc Bình","Trường Trung học phổ thông chuyên Biên Hòa - Hà Nam","31","29","2","62"
"283","alskdj","Đào Anh Việt","Trường Trung học phổ thông chuyên Thăng Long - Lâm Đồng","31","29","2","62"
"285","hoangnguyenle74","Nguyễn Lê Hoàng","Trường Trung học phổ thông chuyên Lương Văn Chánh - Phú Yên","","58","2","60"
"286","trinhvtuan","Trịnh Văn Tuấn","Trường Trung học phổ thông chuyên Lê Thánh Tông - Quảng Nam","2","30","25","57"
"287","Cheeee_shrimp_19","Vũ Phú Thành","Trường Trung học phổ thông chuyên Hoàng Văn Thụ - Hòa Bình","9","47","","56"
"287","baoheyhey","Nguyễn Thái Bảo","Trường Trung học phổ thông chuyên Nguyễn Đình Chiểu - Đồng Tháp","2","29","25","56"
"287","Doannhatanh_1312","Đoàn Nhật Anh","Trường Trung học phổ thông chuyên Hùng Vương - Gia Lai","2","29","25","56"
"290","haianhnguyen08102007","Nguyễn Lưu Hải Anh","Trường Trung học phổ thông chuyên Huỳnh Mẫn Đạt - Kiên Giang","2","38","15","55"
"291","pndhpndh","Phạm Nguyễn Đăng Huy","Trường Trung học phổ thông chuyên Hà Nội – Amsterdam - Hà Nội","","29","25","54"
"291","trangtrangVN","Hoàng Minh Vũ, Kon Tum","THPT chuyên Nguyễn Tất Thành - Kon Tum","","29","25","54"
"291","Huyyy1","","","","29","25","54"
"291","TgX_2","Bùi Đình Lộc","Trường Trung học phổ thông chuyên Hùng Vương - Bình Dương","","52","2","54"
"291","Anphat","Nguyễn An Phát","Trường Trung học phổ thông chuyên Chu Văn An - Bình Định","52","","2","54"
"291","justiin","Trần Đại Nghĩa","Trường Trung học phổ thông chuyên Tuyên Quang - Tuyên Quang","","29","25","54"
"297","daobao27","Đào Nguyễn Gia Bảo","Trường Trung học phổ thông chuyên Bắc Ninh - Bắc Ninh","18","29","2","49"
"298","dutuyenbuithaison","Bùi Thái Sơn","Trường Trung học phổ thông chuyên Hà Tĩnh - Hà Tĩnh","18","30","","48"
"299","nguyendanghung","Nguyễn Đăng Hưng","Trường Trung học phổ thông chuyên Lý Tự Trọng - Cần Thơ","18","29","","47"
"300","abcd_1234","Dương Anh Kiệt","Trường Trung học Phổ thông chuyên Nguyễn Quang Diêu - Đồng Tháp","29","15","2","46"
"301","Dreamy_lovesper","Giáp Trinh Đăng","Trường Trung học phổ thông chuyên Nguyễn Tất Thành - Kon Tum","","29","15","44"
"301","danglayloi1","Trần Hải Đăng","Trường Trung học phổ thông chuyên Phan Bội Châu - Nghệ An","42","","2","44"
"301","mingga","Lê Ngọc Minh","Trường Trung học phổ thông chuyên Hà Nội – Amsterdam - Hà Nội","","44","","44"
"304","Phuoc2k7","Phạm Gia Phước","Trường Trung học phổ thông chuyên Lê Quý Đôn - Bình Định","7","29","2","38"
"304","hpt279","Hoàng Phú Thiện","Trường Trung học phổ thông chuyên Quang Trung - Bình Phước","7","29","2","38"
"306","XuanHieu_TQ","Đinh Xuân Hiếu","Trường Trung học phổ thông chuyên Tuyên Quang - Tuyên Quang","5","29","2","36"
"307","trieuphucthinh77","Triệu Phúc Thịnh","free fire","2","29","2","33"
"307","magus123","Nguyễn Tấn Kiệt","Trường Trung học Phổ thông chuyên Nguyễn Quang Diêu - Đồng Tháp","1","30","2","33"
"307","duonggofficial","Đỗ Ngọc Dương","Trường Trung học phổ thông chuyên Nguyễn Chí Thanh - Đắk Nông","1","30","2","33"
"310","phanquoctrieu","Phan Quốc Triệu","Trường Trung học phổ thông chuyên Sơn La - Sơn La","1","29","2","32"
"311","Pham_Cong_Duc_Minh","Phạm Công Đức Minh","Trường Trung học phổ thông chuyên Hà Tĩnh - Hà Tĩnh","31","","","31"
"311","hunggtq","Phạm Gia Hưng","Trường Trung học phổ thông chuyên Tuyên Quang - Tuyên Quang","","29","2","31"
"311","lambestcode","Hồ Gia Lâm","Trường Trung học phổ thông chuyên Nguyễn Chí Thanh - Đắk Nông","31","","0","31"
"311","lequanglam0331","Lê Quang Lâm","Trường Trung học phổ thông chuyên Nguyễn Tất Thành - Yên Bái","","29","2","31"
"311","zNatsumi","Nguyễn Đức Hiển","Trường Trung học phổ thông chuyên Trần Phú - Hải Phòng","","29","2","31"
"316","HickWhither","Bùi Thiệu Khiêm","Trường Trung học phổ thông chuyên Nguyễn Tất Thành - Kon Tum","","30","","30"
"316","Lamp","Vũ Hoàng Phương Lam","Trường Trung học phổ thông chuyên Hùng Vương - Bình Dương","","30","","30"
"316","thanh3008","Lê Văn Thành","Trường Trung học phổ thông chuyên Tuyên Quang - Tuyên Quang","13","15","2","30"
"319","phillipstz3012","Phan Văn Quốc Việt","Trường Trung học phổ thông chuyên Lương Văn Chánh - Phú Yên","","29","","29"
"319","nnah","Nguyễn Ngọc Anh Hoàng","Trường Trung học phổ thông chuyên Lê Quý Đôn - Ninh Thuận","","29","","29"
"321","vietbach08234","Nguyễn Việt Bách","Trường Trung học phổ thông chuyên Hà Nội – Amsterdam - Hà Nội","26","","","26"
"322","garrin","trần lê nhật quang","Trường Trung học phổ thông chuyên Tuyên Quang - Tuyên Quang","7","16","2","25"
"323","ngdu123","Nguyễn Quang Duy","Trường Trung học phổ thông chuyên Trần Phú - Hải Phòng","","15","2","17"
"323","minhchau1101","Phan Minh Châu","Trường Trung học phổ thông chuyên Nguyễn Du - Đắk Lắk","","15","2","17"
"323","ttttttttttt","Nguyễn Thanh Tú","Trường Trung học phổ thông chuyên Hà Tĩnh - Hà Tĩnh","0","15","2","17"
"326","KTD","Khương Tiến Đạt","Trường Trung học phổ thông chuyên Hoàng Văn Thụ - Hòa Bình","","15","","15"
"326","kentran232","Trần Nguyễn Anh khoa","Trường Trung học phổ thông chuyên Lê Quý Đôn - Ninh Thuận","","15","","15"
"328","thanhAOC123","Trần Tiến Thành","Trường Trung học phổ thông chuyên Nguyễn Tất Thành - Yên Bái","2","1","2","5"
"329","superpro20092005","Lê Hiếu","Trường Trung học phổ thông chuyên Nguyễn Du - Đắk Lắk","2","1","0","3"
"330","shiroboyy","Ngô Huy Mạnh Tùng","Trường Trung học phổ thông chuyên Nguyễn Chí Thanh - Đắk Nông","","0","2","2"
"330","tuongtaylor","Nguyễn Viết Tưởng","Trường Trung học phổ thông chuyên Vị Thanh - Hậu Giang","2","","","2"
"330","thaitp2009","Trần Phúc Thái","Trường Phổ thông Năng khiếu - Đại học Quốc gia Thành phố Hồ Chí Minh - Thành phố Hồ Chí Minh","","","2","2"
"333","hungnhq","Nguyễn  Hà Quốc Hưng","THPT Chuyên Sơn La - Sơn La","","0","","0"
"333","HuyAT","Nguyễn Minh Huy","Trường Phổ thông Năng khiếu - Đại học Quốc gia Thành phố Hồ Chí Minh - Thành phố Hồ Chí Minh","","","","0"
"333","thanh20092007","Vũ Tiến Thành","Trường Trung học phổ thông chuyên Lam Sơn - Thanh Hóa","","","","0"
"333","123ntd","Nguyễn Trí Đại","Trường Trung học phổ thông chuyên Hưng Yên - Hưng Yên","","","","0"
"333","NguyenLee","Lê Nguyễn Trí Nguyên","Trường Trung học phổ thông chuyên Nguyễn Tất Thành - Kon Tum","","","","0"
"333","Russvn123","Lê Thanh Khang","Trường Trung học phổ thông chuyên Nguyễn Thị Minh Khai - Sóc Trăng","","","","0"
"333","ntlinh","Nguyễn Thảo Linh","Trường Trung học phổ thông chuyên Lê Quý Đôn - Điện Biên","0","0","","0"
"333","trannhatanpy","Trần Nhật An","Trường Trung học phổ thông chuyên Lương Văn Chánh - Phú Yên","","","","0"
"333","sadboizzz","Ninh Quang Thắng","Trường Trung học phổ thông chuyên Hạ Long - Quảng Ninh","","","","0"
"333","hungnt","Nguyễn Tuấn Hưng","Trường Trung học phổ thông chuyên Lam Sơn - Thanh Hóa","","","","0"
"333","TuanAnhcerti","Nguyễn Trần Tuấn Anh","Trường Trung học phổ thông chuyên Nguyễn Tất Thành - Kon Tum","","","","0"
"333","TrietPD","Phan Đình Triết","Trường Trung học phổ thông chuyên Lê Quý Đôn - Đà Nẵng","","","","0"
"333","nasam","Phạm Huy Khánh","Trường Trung học phổ thông chuyên Lương Thế Vinh - Đồng Nai","","","","0"
"333","hihihah","Nguyễn Tiến Thành","Trường Trung học phổ thông chuyên Lam Sơn - Thanh Hóa","","","","0"
"333","DuyPhamm","Phạm Minh Duy","Trường Phổ thông Năng khiếu - Đại học Quốc gia Thành phố Hồ Chí Minh - Thành phố Hồ Chí Minh","","","","0"
"333","HUY_TRINH_1724","Trịnh Gia Huy","Trường Trung học phổ thông chuyên Hùng Vương - Bình Dương","","","","0"
"333","imnotsunshine","Trần Bình Minh","Trường Trung học phổ thông chuyên Phan Bội Châu - Nghệ An","","","","0"
"333","kophaiquang08","Trần Đăng Quang","THPT Chuyên Phan Bội Châu, Nghệ An","","","","0"
"333","leminhnhat","Lê Minh Nhật","Trường Trung học phổ thông chuyên Lê Quý Đôn - Quảng Trị","","","","0"
"333","tanph","tanph            Phạm Tuấn Anh","tanph                Trường trung học phổ thông chuyên Lê Quý Đôn - Đà Nẵng","","","","0"
"333","ND09","Phạm Đức Lương","Trường Trung học phổ thông chuyên Lê Hồng Phong - Nam Định","","","","0"
"333","e3320198","Huỳnh Khải","Trường Trung học phổ thông chuyên Vị Thanh - Hậu Giang","","","","0"
"333","duck404","Nguyễn Hải Phong","Trường Trung học phổ thông chuyên Lê Quý Đôn - Quảng Trị","","","","0"
"333","minhducle31o","Lê Minh Đức","Trường Trung học phổ thông chuyên Lam Sơn - Thanh Hóa","","","","0"
"333","HoaBanMaTuy","Nguyễn Nhân Hòa","Trường Trung học phổ thông chuyên Lam Sơn - Thanh Hóa","","","","0"
"333","OZ","Dương Quang Anh","Trường Trung học phổ thông chuyên Vĩnh Phúc - Vĩnh Phúc","","","","0"
"333","thinhsieucapvippro","Võ Quốc Thịnh","Trường Trung học phổ thông chuyên Lý Tự Trọng - Cần Thơ","","","","0"
"333","HOANGNGUYENHUYNH","Huỳnh Hoàng Nguyên","Trường Trung học phổ thông chuyên Nguyễn Tất Thành - Kon Tum","","","","0"
"333","anh03032007","Từ Hoàng Anh","Trường Trung học phổ thông chuyên Chu Văn An - Bình Định","","","","0"
"333","24MTTN181","Huỳnh Ngọc Minh Triết","Trường Trung học phổ thông chuyên Quốc Học - Thừa Thiên Huế","","","","0"
"333","Tuan_backdes","Đạt đẹp trai vãi nhái","Trường Trung học phổ thông chuyên Lê Quý Đôn - Điện Biên","","0","","0"
"333","vubaokhanh","Vũ Bảo Khanh","Trường Trung học phổ thông chuyên Sơn La - Sơn La","","","","0"
"333","dungdao","Đào Quang Dũng","Trường Trung học phổ thông chuyên Sơn La - Sơn La","","","","0"
"333","thesoleft","Nguyễn Hải Minh","Trường Trung học phổ thông chuyên Lam Sơn - Thanh Hóa","","","","0"
"367","trungquanhihi","Võ Đồng Trung Quân","Trường Trung học phổ thông chuyên Nguyễn Thị Minh Khai - Sóc Trăng","","15","2","-9999"
"367","Akar_Dani","Lê Đức Nhân","Trường Trung học phổ thông chuyên Lê Quý Đôn - Quảng Trị","","100","","-9999"
"367","lenhannn","Lê Đức Nhân","Trường Trung học phổ thông chuyên Lê Quý Đôn - Quảng Trị","","100","","-9999"
"367","tdet141","Nguyễn Tiến Đạt","Trường Trung học phổ thông chuyên Nguyễn Huệ - Hà Nội","","100","2","-9999"
"367","trieulongquan10a2","Triệu Long Quân","Trường Trung học phổ thông chuyên Nguyễn Thị Minh Khai - Sóc Trăng","","1","2","-9999"