﻿"","Username","Fullname","School","cup2024r4p1","cup2024r4p2","cup2024r4p3","Points"
"1","sadboizzz","Ninh Quang Thắng","Trường Trung học phổ thông chuyên Hạ Long - Quảng Ninh","700","700","600","2000"
"1","VoThanhHai","Võ Thanh Hải","Trường Trung học phổ thông chuyên Nguyễn Du - Đắk Lắk","700","700","600","2000"
"3","duong3982","Hoàng Dương","Trường Trung học phổ thông chuyên Nguyễn Huệ - Hà Nội","700","700","510","1910"
"4","dwuy","Nguyễn Phạm Đức Huy","Trường Trung học phổ thông Gia Định - Thành phố Hồ Chí Minh","700","700","426","1826"
"4","khoihk20","Nguyễn Mai Khôi","Trường Trung học phổ thông chuyên Quang Trung - Bình Phước","700","700","426","1826"
"4","nthquan1505","Nguyễn Trần Hoàng Quân","Trường Trung học phổ thông chuyên Lương Thế Vinh - Đồng Nai","700","700","426","1826"
"4","leminhtuanils27","Lê Minh Tuấn","Trường Trung học phổ thông chuyên Lam Sơn - Thanh Hóa","700","700","426","1826"
"4","kienht","Thái Văn Gia Kiên","Trường Trung học phổ thông chuyên Hà Tĩnh - Hà Tĩnh","700","700","426","1826"
"4","AisukiUwU","Đỗ Thị Minh Hồng","Trường Trung học phổ thông chuyên Nguyễn Huệ - Hà Nội","700","700","426","1826"
"10","vongocsinh","Võ Ngọc Sinh","Trường Trung học phổ thông chuyên Võ Nguyên Giáp - Quảng Bình","700","693","426","1819"
"11","duonghoangphong","Dương Hoàng Phong","Trường Trung học phổ thông chuyên Phan Bội Châu - Nghệ An","700","700","408","1808"
"12","Cadoc","Phan Minh Quân","Trường Trung học phổ thông chuyên Tiền Giang - Tiền Giang","658","700","426","1784"
"13","Spy007","Nguyễn Quốc Thịnh","Trường Trung học phổ thông chuyên Tiền Giang - Tiền Giang","700","497","426","1623"
"14","vnedu","","","700","700","126","1526"
"15","sus","Võ Bá Thông","Trường Trung học phổ thông chuyên Nguyễn Du - Đắk Lắk","700","385","438","1523"
"16","PhanHuyKhang","Phan Huy Khang","Trường Trung học phổ thông chuyên Lê Quý Đôn - Đà Nẵng","700","490","330","1520"
"17","TrolleyCoder","Đặng Huy Hậu","Trường Trung học phổ thông chuyên Thăng Long - Lâm Đồng","700","392","426","1518"
"18","anh03032007","Từ Hoàng Anh","Trường Trung học phổ thông chuyên Chu Văn An - Bình Định","700","385","426","1511"
"18","VVUU","Phan Anh Vũ","Trường Trung học phổ thông chuyên Quang Trung - Bình Phước","700","385","426","1511"
"18","kophaiquang08","Trần Đăng Quang","THPT Chuyên Phan Bội Châu, Nghệ An","700","385","426","1511"
"18","khanhdungtrinh","Trịnh Khánh Dũng","Trường Trung học phổ thông chuyên Lê Quý Đôn - Bình Định","700","385","426","1511"
"22","quagiadecode","Nguyễn Thế Việt Anh","Trường Trung học phổ thông chuyên Bắc Ninh - Bắc Ninh","371","700","426","1497"
"23","ND01","Hoàng Minh Đức","Trường Trung học phổ thông chuyên Lê Hồng Phong - Nam Định","700","350","426","1476"
"24","Cookie","Lê Viết Nam Khôi, Thành phố Hồ Chí Minh","Trường TH-THCS-THPT Việt-Úc - Thành phố Hồ Chí Minh","700","490","276","1466"
"25","NguyenPhuNhan","Nguyễn Phú Nhân","Trường Trung học phổ thông chuyên Lê Quý Đôn - Đà Nẵng","700","490","264","1454"
"26","fryingduc","Giang Trung Minh Đức","Trường Trung học phổ thông chuyên Hà Nội – Amsterdam - Hà Nội","700","700","48","1448"
"26","tranthuanhieu1","Trần Thuận Hiếu","Trường Trung học phổ thông chuyên Hà Nội – Amsterdam - Hà Nội","700","700","48","1448"
"28","tainguyen217","Nguyễn Tiến Tài","Trường Trung học phổ thông chuyên Hùng Vương - Phú Thọ","700","385","360","1445"
"29","maithehung123","","","294","700","426","1420"
"30","danglayloi1","Trần Hải Đăng","Trường Trung học phổ thông chuyên Phan Bội Châu - Nghệ An","700","700","6","1406"
"30","Quangthieunang","","","700","280","426","1406"
"30","btoandz","Nguyễn Ngọc Bảo Toàn","Trường Trung học phổ thông chuyên Phan Bội Châu - Nghệ An","700","700","6","1406"
"30","Namviet2704","Nguyễn Việt Nam","Trường Trung học phổ thông chuyên Phan Bội Châu - Nghệ An","700","700","6","1406"
"30","arc","Hoàng Mạnh Linh","Trường Trung học phổ thông chuyên Phan Bội Châu - Nghệ An","700","700","6","1406"
"35","10tin_dinhson","Nguyễn Đình Sơn","Trường Trung học phổ thông chuyên Bắc Ninh - Bắc Ninh","700","700","","1400"
"36","phamhunganh205","Phạm Hùng Anh","Trường Trung học phổ thông chuyên Trần Hưng Đạo - Bình Thuận","700","693","","1393"
"37","phungduc3103","Phùng Ngọc Nguyên Đức","Trường THPT Chuyên Lương Thế Vinh - Đồng Nai","700","686","","1386"
"38","caotuanphong","Cao Tuấn Phong","Trường Trung học phổ thông chuyên Phan Bội Châu - Nghệ An","700","385","300","1385"
"39","datp3877","Phan Thanh Đạt","Trường Trung học phổ thông chuyên Võ Nguyên Giáp - Quảng Bình","700","245","426","1371"
"39","quq","Dương Đăng Quang","Trường Trung học phổ thông chuyên Lý Tự Trọng - Cần Thơ","700","245","426","1371"
"39","tminh_hk20","Trương Tấn Minh","Trường Trung học phổ thông chuyên Quang Trung - Bình Phước","700","245","426","1371"
"39","ND03","Ninh Đức Nam","Trường Trung học phổ thông chuyên Lê Hồng Phong - Nam Định","700","245","426","1371"
"43","duckindog","Nguyễn Minh Đưcs","Trường Trung học phổ thông chuyên Trần Phú - Hải Phòng","581","350","426","1357"
"44","ShadowShark","Nguyễn Hải Anh","Trường Trung học phổ thông chuyên Hạ Long - Quảng Ninh","700","385","264","1349"
"45","bqa100507","Bùi Quang Anh","Trường Trung học phổ thông chuyên Lý Tự Trọng - Cần Thơ","518","385","426","1329"
"45","ghuy4g","Vũ Gia Huy","Trường Trung học phổ thông chuyên Nguyễn Huệ - Hà Nội","700","245","384","1329"
"47","PhcKhnhTapCode","Nguyễn Phúc Khánh","Trường Trung học phổ thông chuyên Hùng Vương - Phú Thọ","700","574","48","1322"
"48","duyoke","Trần Đức Duy","Trường Trung học phổ thông chuyên Lý Tự Trọng - Cần Thơ","490","385","426","1301"
"49","tthanhloi2007","Trần Thành Lợi","Trường Trung học phổ thông chuyên Huỳnh Mẫn Đạt - Kiên Giang","700","161","426","1287"
"50","hxano","Nguyễn Đăng Khang","Trường Trung học phổ thông chuyên Hùng Vương - Gia Lai","700","490","96","1286"
"51","ND06","Nguyễn Anh Vũ","Trường Trung học phổ thông chuyên Lê Hồng Phong - Nam Định","700","140","426","1266"
"52","minhbinhhoang","Hoàng Bình Minh","Trường Trung học phổ thông chuyên Lê Quý Đôn - Quảng Trị","427","385","426","1238"
"52","lamvu45","Vũ Tùng Lâm","Trường Trung học phổ thông chuyên Trần Phú - Hải Phòng","427","385","426","1238"
"54","nhanhoang510","Hoàng Thiện Nhân","Trường Trung học phổ thông chuyên Lê Quý Đôn - Quảng Trị","518","700","","1218"
"54","hlongze","Trần Hoàng Long","Trường Trung học phổ thông chuyên Lê Quý Đôn - Bà Rịa – Vũng Tàu","518","700","","1218"
"56","aajayagh","Ngô Thảo Anh","Trường Trung học phổ thông chuyên Lê Quý Đôn - Bà Rịa – Vũng Tàu","476","693","48","1217"
"57","Ai_2007","Trịnh Quốc Bình","Trường Trung học phổ thông chuyên Biên Hòa - Hà Nam","700","245","264","1209"
"58","tronghuy","Nguyễn Phú Trọng","Trường Trung học phổ thông chuyên Nguyễn Tất Thành - Kon Tum","518","385","300","1203"
"59","nho","Nguyễn Ngọc Nhớ","Trường Trung học phổ thông chuyên Lý Tự Trọng - Cần Thơ","518","252","426","1196"
"60","trannhanminh","Trần Nhân Minh","Trường Trung học phổ thông chuyên Nguyễn Trãi - Hải Dương","700","385","108","1193"
"61","tqbduong207","Trương Quang Bảo Dương","THPT chuyên Lê Quý Đôn","700","490","","1190"
"62","duong2k7","Thân Hồng Dương","Trường Trung học phổ thông chuyên Bắc Giang - Bắc Giang","518","245","426","1189"
"62","louis_no_pro","Lưu Minh Hiếu","Trường Trung học phổ thông chuyên Lê Quý Đôn - Bình Định","518","245","426","1189"
"64","Mikael639","Võ Gia Minh","Trường Trung học phổ thông chuyên Lê Quý Đôn - Bà Rịa – Vũng Tàu","518","385","264","1167"
"65","KurimiyaMirai","Giang Quang Thắng","Trường Trung học phổ thông chuyên Nguyễn Tất Thành - Yên Bái","518","203","426","1147"
"66","NeOWamiITB","Hoàng Hồ Minh Quang","Trường Trung học phổ thông chuyên Bình Long - Bình Phước","700","350","84","1134"
"67","nhatanh2k7a","Nguyễn Đào Nhật Anh","Trường Trung học phổ thông chuyên Hùng Vương - Phú Thọ","700","385","48","1133"
"67","phan_dang_hao","Phan Đăng Hào","Trường Trung học phổ thông chuyên Phan Bội Châu - Nghệ An","700","427","6","1133"
"67","tuank40itchv","Lê Anh Tuấn","Trường Trung học phổ thông chuyên Hùng Vương - Phú Thọ","700","385","48","1133"
"67","chungnopro22082007","Nguyễn Thành Chung","Trường Trung học phổ thông chuyên Hùng Vương - Phú Thọ","700","385","48","1133"
"71","HWE","Thiều Nguyễn Huy","Trường Trung học phổ thông chuyên Lê Quý Đôn - Đà Nẵng","700","245","156","1101"
"72","cuctuyetaz258","Nguyễn Thị Ánh Tuyết","Trường Trung học phổ thông chuyên Nguyễn Chí Thanh - Đắk Nông","700","385","","1085"
"72","buivietthanh","Bùi Viết Thành","Trường Trung học phổ thông chuyên Lương Thế Vinh - Đồng Nai","700","385","","1085"
"72","ndtnbk","Nguyễn Đình Tài","Trường Trung học phổ thông chuyên Nguyễn Chí Thanh - Đắk Nông","700","385","","1085"
"75","ND02","Đặng Mai Chi","Trường Trung học phổ thông chuyên Lê Hồng Phong - Nam Định","413","245","426","1084"
"75","thanhphile983","Lê Thanh Phi","Trường Trung học phổ thông chuyên Lê Khiết - Quảng Ngãi","518","140","426","1084"
"77","Thang_Nguyen","Nguyễn Cao Quốc Thắng","Trường Trung học phổ thông chuyên Lê Quý Đôn - Ninh Thuận","700","245","138","1083"
"78","phongtin27","Võ Văn Đạt","Trường Trung học phổ thông chuyên Lê Quý Đôn - Ninh Thuận","700","105","264","1069"
"79","thinhsieucapvippro","Võ Quốc Thịnh","Trường Trung học phổ thông chuyên Lý Tự Trọng - Cần Thơ","413","385","264","1062"
"80","DL_TranNguyenKhanh2007","Trần Nguyên Khánh","Trường Trung học phổ thông chuyên Nguyễn Du - Đắk Lắk","420","245","390","1055"
"81","ND09","Phạm Đức Lương","Trường Trung học phổ thông chuyên Lê Hồng Phong - Nam Định","518","105","426","1049"
"82","tranhaiz100","Phan Sỹ  Danh","Trường Trung học phổ thông chuyên Hà Tĩnh - Hà Tĩnh","686","252","84","1022"
"83","Kieu111107","Trần Văn Kiểu","Trường Trung học phổ thông chuyên Hùng Vương - Gia Lai","343","245","426","1014"
"84","villeclaude","Hoàng Văn Trà","Trường Trung học phổ thông chuyên Bắc Giang - Bắc Giang","189","385","426","1000"
"85","VuKhoiNguyen","Vũ Khôi Nguyên","Trường Trung học phổ thông chuyên Hưng Yên - Hưng Yên","700","245","48","993"
"85","Helixdot__123","Nguyễn Ngọc Lân","Trường Trung học phổ thông chuyên Hưng Yên - Hưng Yên","700","287","6","993"
"87","minhanh0201","Hoàng Minh Anh","Trường Trung học phổ thông chuyên Nguyễn Du - Đắk Lắk","385","385","216","986"
"88","zNatsumi","Nguyễn Đức Hiển","Trường Trung học phổ thông chuyên Trần Phú - Hải Phòng","427","119","426","972"
"89","whitezeros1410","Phan Nguyễn Quốc Bảo","Trường Trung học phổ thông chuyên Bình Long - Bình Phước","539","","426","965"
"90","tien9d2","Đặng Minh Tiến","Trường Trung học phổ thông chuyên Hạ Long - Quảng Ninh","700","","264","964"
"91","Ejen","Huỳnh Anh Nhật","Trường Trung học phổ thông chuyên Lê Quý Đôn - Bình Định","700","245","18","963"
"91","sqrtN","Trần Anh Thi","Trường Trung học phổ thông chuyên Lê Quý Đôn - Bình Định","700","245","18","963"
"93","khangnguyen1211","Nguyễn Đức Khang","Trường Trung học phổ thông chuyên Nguyễn Trãi - Hải Dương","700","259","","959"
"94","anmattroi","Nguyễn Hải An","Trường Trung học phổ thông chuyên Nguyễn Trãi - Hải Dương","427","385","144","956"
"95","tolavkhang","Nguyễn Hồ Vĩnh Khang","Trường Trung học phổ thông chuyên Nguyễn Tất Thành - Kon Tum","518","385","48","951"
"95","nvc2k8","Nguyễn Việt Cường","Trường Trung học phổ thông chuyên Huỳnh Mẫn Đạt - Kiên Giang","700","245","6","951"
"97","lamlamjjdo","quabuonngu","Trường Trung học phổ thông chuyên Bắc Ninh - Bắc Ninh","700","245","","945"
"97","phungminhdung10tin","Phùng Minh Dũng","Trường Trung học phổ thông chuyên Nguyễn Trãi - Hải Dương","700","245","","945"
"97","wayzzjr","","","700","245","","945"
"97","ND07","Trần Minh Thắng","Trường Trung học phổ thông chuyên Lê Hồng Phong - Nam Định","700","245","","945"
"101","PeaceDestroyer145","Trần Ngọc Tuấn Anh","Trường Trung học phổ thông chuyên Lê Quý Đôn - Quảng Trị","700","231","","931"
"102","daobao27","Đào Nguyễn Gia Bảo","Trường Trung học phổ thông chuyên Bắc Ninh - Bắc Ninh","294","245","390","929"
"103","NPGH_123","Nguyễn Phạm Gia Huy","Trường Trung học phổ thông chuyên Lê Khiết - Quảng Ngãi","343","147","426","916"
"103","khoaha123","Hà Nhật Khoa","Trường Trung học phổ thông chuyên Huỳnh Mẫn Đạt - Kiên Giang","518","14","384","916"
"105","LeBaoAn","Lê Bảo An","Trường Trung học phổ thông chuyên Nguyễn Du - Đắk Lắk","315","","600","915"
"106","quocbao123_","Nguyễn Trần Quốc Bảo","Trường Trung học phổ thông chuyên Hà Tĩnh - Hà Tĩnh","476","385","48","909"
"107","chaoschicken123","Nhữ Thành Đạt","Trường Trung học phổ thông chuyên Trần Phú - Hải Phòng","413","231","264","908"
"108","minh30082008","Nguyễn Tá Quang Minh","Trường Trung học phổ thông chuyên Bắc Ninh - Bắc Ninh","518","385","0","903"
"108","Bui_Quoc_Cuong","Bùi Quốc Cường","Trường Trung học phổ thông chuyên Lê Khiết - Quảng Ngãi","511","14","378","903"
"108","mingga","Lê Ngọc Minh","Trường Trung học phổ thông chuyên Hà Nội – Amsterdam - Hà Nội","518","385","","903"
"111","ntminh2409","Nguyễn Tấn Minh","Trường Trung học phổ thông chuyên Quốc Học - Thừa Thiên Huế","385","385","126","896"
"112","ninhbinh04_kuz","ĐINH NGỌC CƯỜNG","Trường Trung học phổ thông chuyên Lương Văn Tụy - Ninh Bình","700","","180","880"
"113","hiensumi","Phạm Duy Hiển","Trường Trung học phổ thông chuyên Lê Khiết - Quảng Ngãi","357","140","366","863"
"114","huyngu235","Đỗ Gia Huy","Trường Trung học phổ thông chuyên Nguyễn Du - Đắk Lắk","700","126","30","856"
"115","trandaihao5555","Trần Đại Hào","Trường Trung học phổ thông chuyên Lương Văn Chánh - Phú Yên","609","245","","854"
"116","baoheyhey","Nguyễn Thái Bảo","Trường Trung học phổ thông chuyên Nguyễn Đình Chiểu - Đồng Tháp","427","","426","853"
"116","hungmaxx","Hoàng Mạnh Hùng","Trường Trung học phổ thông chuyên Nguyễn Chí Thanh - Đắk Nông","700","105","48","853"
"118","ngohuytin007","Ngô Huy Tín","Trường Trung học phổ thông chuyên Lê Quý Đôn - Bình Định","700","140","0","840"
"119","Mahirunn","Trần Quốc Khánh","Trường Trung học phổ thông chuyên Tuyên Quang - Tuyên Quang","700","133","6","839"
"120","lamlamlam","Nguyễn Đăng Tùng Lâm","Trường Trung học phổ thông chuyên Hà Nội – Amsterdam - Hà Nội","700","0","126","826"
"121","huykhanh07hd","Đặng Huy Khánh","Trường Trung học phổ thông chuyên Nguyễn Trãi - Hải Dương","280","245","300","825"
"121","TinK30_HTManh","Hoàng Tiến Mạnh","Trường Trung học phổ thông chuyên Bắc Ninh - Bắc Ninh","413","364","48","825"
"123","MinhCrafter","Nguyễn Ngọc Minh","Trường Trung học phổ thông chuyên Lê Quý Đôn - Đà Nẵng","322","490","","812"
"124","trvhung","Trần Việt Hưng","Trường Trung học phổ thông chuyên Võ Nguyên Giáp - Quảng Bình","518","245","48","811"
"124","hungnt","Nguyễn Tuấn Hưng","Trường Trung học phổ thông chuyên Lam Sơn - Thanh Hóa","700","105","6","811"
"126","ngdu123","Nguyễn Quang Duy","Trường Trung học phổ thông chuyên Trần Phú - Hải Phòng","413","","396","809"
"127","TrietPD","Phan Đình Triết","Trường Trung học phổ thông chuyên Lê Quý Đôn - Đà Nẵng","700","105","","805"
"127","NTH_CA","Nguyễn Trung Hải","Trường Trung học phổ thông chuyên Hà Nội – Amsterdam - Hà Nội","700","105","0","805"
"129","itachicbh","Đỗ Thành Trọng","Trường Trung học phổ thông chuyên Biên Hòa - Hà Nam","413","385","6","804"
"130","nguyenmautansang","Nguyễn Mậu Tấn Sang","Trường Trung học phổ thông chuyên Võ Nguyên Giáp - Quảng Bình","364","0","426","790"
"131","nthao1004","Nguyễn Thị Phương Thảo","Trường Trung học phổ thông chuyên Nguyễn Trãi - Hải Dương","518","119","138","775"
"132","khanhss","Lê Nam Khánh","Trường Trung học phổ thông chuyên Lê Quý Đôn - Ninh Thuận","385","385","","770"
"133","sunrise","Nguyễn Bình Minh","Trường Trung học phổ thông chuyên Thái Nguyên - Thái Nguyên","518","245","6","769"
"133","huyquang_25","Lê Quang Huy","Trường Trung học phổ thông chuyên Võ Nguyên Giáp - Quảng Bình","343","","426","769"
"133","dutuyenbuithaison","Bùi Thái Sơn","Trường Trung học phổ thông chuyên Hà Tĩnh - Hà Tĩnh","476","245","48","769"
"133","Art","Bùi Hải Đăng","Trường Trung học phổ thông chuyên Biên Hòa - Hà Nam","518","245","6","769"
"137","itsQuang","Trịnh Minh Quang","Trường Trung học phổ thông chuyên Lý Tự Trọng - Cần Thơ","518","245","","763"
"137","nguyenvuminh0907","Nguyễn Vũ Minh, Hải Phòng","THPT chuyên Trần Phú - Hải Phòng","518","245","","763"
"137","florentinoss","Dương Xuân Quân","Trường Trung học phổ thông chuyên Lê Quý Đôn - Quảng Trị","518","245","","763"
"137","haventers","Lê Quốc Thịnh","Trường Trung học phổ thông chuyên Nguyễn Đình Chiểu - Đồng Tháp","518","245","","763"
"141","ninhbinh03_khang09","NGUYỄN ĐẠI KHANG","Trường Trung học phổ thông chuyên Lương Văn Tụy - Ninh Bình","700","","36","736"
"142","txdat","Trần Xuân Đạt","Trường Trung học phổ thông chuyên Võ Nguyên Giáp - Quảng Bình","294","14","426","734"
"143","trtduong301","Trương Tiến Dương","Trường Trung học phổ thông chuyên Hùng Vương - Gia Lai","476","245","6","727"
"144","iamdgl208","Đoàn Gia Long","Trường Trung học phổ thông chuyên Lê Quý Đôn - Quảng Trị","476","245","","721"
"145","datbuonia171","Nguyễn Thành Đạt","Trường Trung học phổ thông chuyên Hưng Yên - Hưng Yên","700","14","6","720"
"145","TheFallenOne","Nguyễn Dĩ Thái","Trường Trung học phổ thông chuyên Nguyễn Du - Đắk Lắk","189","105","426","720"
"147","tranquyetthang","Trần Quyết Thắng","Trường Trung học phổ thông chuyên Huỳnh Mẫn Đạt - Kiên Giang","700","","18","718"
"148","hieutaminh","Tạ Minh Hiếu, Ninh Bình","THPT chuyên Lương Văn Tụy - Ninh Bình","700","","","700"
"148","123ntd","Nguyễn Trí Đại","Trường Trung học phổ thông chuyên Hưng Yên - Hưng Yên","700","","","700"
"148","chinhly","Lý Nguyễn Công Chính","Trường Trung học phổ thông Quang Trung - Bình Định","700","","","700"
"148","ninhbinh03","ĐIỀN HẢI ĐĂNG","Trường Trung học phổ thông chuyên Lương Văn Tụy - Ninh Bình","700","","","700"
"148","tuandq","Dương Quốc Tuấn","Trường Trung học phổ thông chuyên Lê Quý Đôn - Đà Nẵng","700","","","700"
"148","hihihah","Nguyễn Tiến Thành","Trường Trung học phổ thông chuyên Lam Sơn - Thanh Hóa","700","","","700"
"148","nguyhoangphu","","","700","","","700"
"148","nguyen_phong_2007","Nguyễn Nguyên Phong","Trường Trung học phổ thông chuyên Nguyễn Huệ - Hà Nội","700","","","700"
"148","Anphat","Nguyễn An Phát","Trường Trung học phổ thông chuyên Chu Văn An - Bình Định","700","","","700"
"157","Laungocbao","Làu Ngọc Bảo","Trường Trung học phổ thông chuyên Nguyễn Chí Thanh - Đắk Nông","259","105","324","688"
"158","tolapuoiii","Bùi Nguyên Vũ","Trường Trung học phổ thông chuyên Hoàng Văn Thụ - Hòa Bình","259","0","426","685"
"159","bunsmvm","Mai Ngọc Phú","Trường Trung học phổ thông chuyên Lê Khiết - Quảng Ngãi","252","0","426","678"
"160","cbh_k64_tue","Nguyễn Đức Tuệ","Trường Trung học phổ thông chuyên Biên Hòa - Hà Nam","427","245","","672"
"161","trinhtung","Trịnh Thế Tùng","Trường Trung học phổ thông chuyên Lam Sơn - Thanh Hóa","518","105","48","671"
"162","ngocson","Nguyễn Ngọc Sơn","Trường Trung học phổ thông chuyên Lê Hồng Phong - Nam Định","413","245","6","664"
"163","ronaldotin10","Phạm Hoàng Minh Châu","Trường Trung học phổ thông chuyên Thái Nguyên - Thái Nguyên","511","147","","658"
"163","tuanminh510467","Trịnh Hữu Tuấn Minh","Trường Trung học phổ thông chuyên Bắc Giang - Bắc Giang","413","245","","658"
"165","snow1994","Lê Thanh Bình","Trường Trung học phổ thông chuyên Quang Trung - Bình Phước","385","245","24","654"
"166","Zoeeoz","Nguyễn Minh Nhật","Trường Trung học phổ thông chuyên Thái Nguyên - Thái Nguyên","399","245","6","650"
"167","hoangnguyenle74","Nguyễn Lê Hoàng","Trường Trung học phổ thông chuyên Lương Văn Chánh - Phú Yên","490","105","48","643"
"167","ttttttttttt","Nguyễn Thanh Tú","Trường Trung học phổ thông chuyên Hà Tĩnh - Hà Tĩnh","532","105","6","643"
"167","dongpro3lol","Nguyễn Thành Đông","Trường Trung học phổ thông chuyên Huỳnh Mẫn Đạt - Kiên Giang","392","245","6","643"
"167","nmtri099019","Nguyễn Minh Trí","Trường Trung học Phổ thông chuyên Nguyễn Quang Diêu - Đồng Tháp","189","28","426","643"
"171","hoangnoobpro","Nguyễn Lê Huy Hoàng","Trường Trung học phổ thông chuyên Phan Bội Châu - Nghệ An","308","245","78","631"
"172","SussyCoder","Hoàng Lê Tuấn Nam","Trường Trung học phổ thông chuyên Bình Long - Bình Phước","385","245","","630"
"172","Tommit_Teok4","Nguyễn Đăng Quang","Trường Trung học phổ thông chuyên Nguyễn Trãi - Hải Dương","385","245","","630"
"172","ewfgdfgdfg","Lê Trịnh Duy Bình","Trường Trung học phổ thông chuyên Bình Long - Bình Phước","385","245","","630"
"175","pntho1502","Phạm Ngọc Thơ","Trường Trung học phổ thông chuyên Hà Tĩnh - Hà Tĩnh","476","105","48","629"
"175","doducanh01062007","Đỗ Đức Anh","Trường Trung học phổ thông chuyên Biên Hòa - Hà Nam","518","105","6","629"
"175","nhatday1","Lê Trần Long Nhật","Trường Trung học phổ thông chuyên Quang Trung - Bình Phước","49","154","426","629"
"178","truongnbhvttin2225","Nguyễn Bá Trường","Trường Trung học phổ thông chuyên Hoàng Văn Thụ - Hòa Bình","518","105","","623"
"178","Doi_tui_ban_hanh","Tạ Hữu Dương","Trường Trung học phổ thông chuyên Nguyễn Trãi - Hải Dương","518","105","","623"
"178","Ak2k8","Võ Hoài Anh Khoa","Trường Trung học phổ thông chuyên Quốc Học - Thừa Thiên Huế","518","105","","623"
"178","HinMint","Phạm Hiền Minh","Trường Trung học phổ thông chuyên Trần Phú - Hải Phòng","518","105","","623"
"182","justiin","Trần Đại Nghĩa","Trường Trung học phổ thông chuyên Tuyên Quang - Tuyên Quang","343","245","6","594"
"183","hiuwsss","Bùi Thành Hiếu","Trường Trung học phổ thông chuyên Hùng Vương - Gia Lai","588","","","588"
"184","theanhcoder","Nguyễn Trần Thế Anh","Trường Trung học phổ thông chuyên Nguyễn Tất Thành - Yên Bái","189","385","6","580"
"185","anh788307","Hoàng Anh","Trường Trung học phổ thông chuyên Trần Phú - Hải Phòng","413","105","48","566"
"186","Zylenox","Phạm Hải Đăng","Trường Trung học phổ thông chuyên Hưng Yên - Hưng Yên","280","273","6","559"
"187","ducanhnguyen","Nguyễn Đức Anh","Trường Trung học phổ thông chuyên Nguyễn Chí Thanh - Đắk Nông","294","","264","558"
"188","Huyyy1","","","448","105","","553"
"188","Inna_crex2","Mai Hồ Khoa","Trường Trung học phổ thông chuyên Thái Nguyên - Thái Nguyên","448","105","","553"
"190","HickWhither","Bùi Thiệu Khiêm","Trường Trung học phổ thông chuyên Nguyễn Tất Thành - Kon Tum","42","105","396","543"
"191","dangcuber07","Lưu Hải Đăng","Trường Trung học phổ thông chuyên Nguyễn Trãi - Hải Dương","427","","108","535"
"192","hungtien2202","Trần Hưng Tiến","Trường Trung học phổ thông chuyên Quốc Học - Thừa Thiên Huế","427","105","","532"
"193","Tame","Phan Anh Tuấn","Trường Trung học phổ thông chuyên Lê Quý Đôn - Bình Định","280","245","6","531"
"194","DangPhucHieu","Đặng Phúc Hiếu","Trường Trung học phổ thông chuyên Lê Quý Đôn - Bình Định","371","154","","525"
"194","thesoleft","Nguyễn Hải Minh","Trường Trung học phổ thông chuyên Lam Sơn - Thanh Hóa","322","203","","525"
"196","phuc050607","Vũ Hoàng Phúc","Trường Trung học phổ thông chuyên Trần Hưng Đạo - Bình Thuận","413","105","6","524"
"196","longlong5a6","Hoàng Văn Long","Trường Trung học phổ thông chuyên Hưng Yên - Hưng Yên","413","105","6","524"
"198","Infinity","Lê Nguyễn Hiếu An","Trường Trung học phổ thông chuyên Nguyễn Đình Chiểu - Đồng Tháp","518","","","518"
"198","kqhuy","Kiều Quang Huy","Trường Trung học phổ thông chuyên Trần Hưng Đạo - Bình Thuận","518","","","518"
"200","phancddev","Phan Công Dũng","Trường Trung học phổ thông chuyên Quốc Học - Thừa Thiên Huế","511","","","511"
"201","HieuNgan","","","434","63","0","497"
"202","ngvu0407","Nguyễn Quố Vũ","Trường Trung học phổ thông chuyên Sơn La - Sơn La","476","14","6","496"
"202","daotran2832008","Trần Thị Bích Đào","Trường Trung học phổ thông chuyên Biên Hòa - Hà Nam","385","105","6","496"
"204","dangduc2102","Đặng Minh Đức","Trường Trung học phổ thông chuyên Hùng Vương - Phú Thọ","385","105","","490"
"204","hieuhfgr","Nguyễn Minh Hiếu","Trường Trung học phổ thông Chi Lăng - Gia Lai","385","105","","490"
"204","lemon4life","Hoàng Nguyên Anh","Trường Trung học phổ thông chuyên Quốc Học - Thừa Thiên Huế","385","105","","490"
"207","letrungggg","Nguyễn Lê Trung","Trường Trung học phổ thông chuyên Bắc Ninh - Bắc Ninh","322","105","60","487"
"208","nnnam290508","Nguyễn Nhựt Nam","Trường Trung học Phổ thông chuyên Nguyễn Quang Diêu - Đồng Tháp","238","245","","483"
"208","HuyDarwin","Phạm Hồng Huy","Trường Trung học phổ thông chuyên Nguyễn Trãi - Hải Dương","343","140","0","483"
"210","RevolutionzXD","Nguyễn Thiện Nhân","Trường Trung học phổ thông chuyên Hùng Vương - Gia Lai","476","0","","476"
"210","thaibeo123","Nguyễn Xuân Thái","Trường Phổ thông Năng khiếu - Đại học Quốc gia Thành phố Hồ Chí Minh - Thành phố Hồ Chí Minh","476","","","476"
"210","Vuongduy","Trần Hữu Vương Duy","Trường Trung học phổ thông chuyên Trần Hưng Đạo - Bình Thuận","371","105","","476"
"213","duonggofficial","Đỗ Ngọc Dương","Trường Trung học phổ thông chuyên Nguyễn Chí Thanh - Đắk Nông","364","105","","469"
"214","connornguyxn","Nguyễn Tấn Dũng, Phú Thọ","THPT chuyên Hùng Vương - Phú Thọ","462","","","462"
"214","sumopro","Đỗ Hoàng Minh","Trường Trung học phổ thông chuyên Bình Long - Bình Phước","322","140","","462"
"216","01LeHoangAn","Lê Hoàng An","Trường Trung học phổ thông chuyên Biên Hòa - Hà Nam","455","","6","461"
"216","hungnguyenmanh2k8","Nguyễn Mạnh Hùng","Trường Trung học phổ thông chuyên Hưng Yên - Hưng Yên","350","105","6","461"
"218","chimcobayluon","𝓝𝓰𝓾𝔂𝓮̂̃𝓷 𝓣𝓪̂́𝓷 𝓣𝓱𝓪̀𝓷𝓱","Trường Trung học phổ thông chuyên Hoàng Văn Thụ - Hòa Bình","350","105","","455"
"218","TrungBac2105","Phan Trung Bạc","Trường Trung học phổ thông Chu Văn An - Đồng Tháp","210","245","","455"
"220","phamducminh538","Phạm Đức Minh","Trường Trung học phổ thông chuyên Võ Nguyên Giáp - Quảng Bình","287","161","6","454"
"221","lambestcode","Hồ Gia Lâm","Trường Trung học phổ thông chuyên Nguyễn Chí Thanh - Đắk Nông","287","154","6","447"
"222","vuongkm","Kiều Minh Vương","Trường Trung học phổ thông chuyên Hùng Vương - Phú Thọ","56","385","","441"
"222","buon_choi96","","","427","14","","441"
"224","TVSown","Trịnh Văn Sơn","Trường Trung học phổ thông chuyên Hạ Long - Quảng Ninh","427","","","427"
"224","ND10","Lương Mạnh Hiếu","Trường Trung học phổ thông chuyên Lê Hồng Phong - Nam Định","322","105","0","427"
"224","DL_DinhVuMinhHung2k8","Đinh Vũ Minh Hùng","Trường Trung học phổ thông chuyên Nguyễn Du - Đắk Lắk","322","105","0","427"
"224","lmeo","Lê Quang Anh","Trường Trung học phổ thông chuyên Nguyễn Tất Thành - Yên Bái","322","105","","427"
"228","hungeazyITistrue","Nguyễn Thái Hưng","THPT Chuyên Lê Quý Đôn - Khánh Hòa","385","14","24","423"
"229","PROCLASS123","Lưu Thành Long","Trường Trung học phổ thông chuyên Quang Trung - Bình Phước","175","245","","420"
"230","hungnhq","Nguyễn  Hà Quốc Hưng","THPT Chuyên Sơn La - Sơn La","413","","6","419"
"231","alskdj","Đào Anh Việt","Trường Trung học phổ thông chuyên Thăng Long - Lâm Đồng","280","133","","413"
"231","KTD","Khương Tiến Đạt","Trường Trung học phổ thông chuyên Hoàng Văn Thụ - Hòa Bình","413","","","413"
"233","Mochi","Nguyễn Long Nhật","Trường Trung học phổ thông chuyên Lê Khiết - Quảng Ngãi","147","","264","411"
"234","datmacoder","Hoàng Thế Thành Đạt","Trường Trung học phổ thông chuyên Võ Nguyên Giáp - Quảng Bình","385","21","","406"
"235","tranminhtrietdeptrai","Trần Minh Triết","Trường Trung học phổ thông chuyên Phan Bội Châu - Nghệ An","294","105","6","405"
"236","giabaotq07","Lý Gia Bảo","Trường Trung học phổ thông chuyên Tuyên Quang - Tuyên Quang","392","","0","392"
"237","haianhnguyen08102007","Nguyễn Lưu Hải Anh","Trường Trung học phổ thông chuyên Huỳnh Mẫn Đạt - Kiên Giang","280","105","6","391"
"238","ND04","Nguyễn Duy Cương","Trường Trung học phổ thông chuyên Lê Hồng Phong - Nam Định","385","0","","385"
"238","HoaBanMaTuy","Nguyễn Nhân Hòa","Trường Trung học phổ thông chuyên Lam Sơn - Thanh Hóa","385","","0","385"
"238","nguyenphucanhkhoi","Nguyễn Phúc Anh Khôi","Trường Trung học Phổ thông chuyên Nguyễn Quang Diêu - Đồng Tháp","385","","","385"
"241","chikimiri","","","273","105","6","384"
"242","Sherwin","Hoàng Đình Hải Vương","Trường Trung học phổ thông chuyên Nguyễn Du - Đắk Lắk","378","","","378"
"242","Clams","","","238","140","","378"
"244","khanhtam2406","Phạm Khánh Tâm","Trường Trung học Phổ thông chuyên Nguyễn Quang Diêu - Đồng Tháp","266","105","0","371"
"244","ninhbinh02","NGUYỄN THU NGÂN","Trường Trung học phổ thông chuyên Lương Văn Tụy - Ninh Bình","371","","","371"
"246","20vukhacminh","Vũ Khắc Minh","Trường Trung học phổ thông chuyên Biên Hòa - Hà Nam","343","14","6","363"
"247","Kphong","Nguyễn Khánh Phong","Trường Trung học phổ thông chuyên Tuyên Quang - Tuyên Quang","322","0","36","358"
"248","AnhSieu","Dương Anh Kiệt","Trường Trung học phổ thông chuyên Huỳnh Mẫn Đạt - Kiên Giang","343","14","0","357"
"248","Phamvuphuong13","Phạm Vũ Phương","Trường Trung học phổ thông chuyên Hà Tĩnh - Hà Tĩnh","343","14","0","357"
"250","abcd_1234","Dương Anh Kiệt","Trường Trung học Phổ thông chuyên Nguyễn Quang Diêu - Đồng Tháp","210","140","","350"
"250","hpt279","Hoàng Phú Thiện","Trường Trung học phổ thông chuyên Quang Trung - Bình Phước","343","7","","350"
"252","garrin","trần lê nhật quang","Trường Trung học phổ thông chuyên Tuyên Quang - Tuyên Quang","343","","","343"
"253","nguyentai090908","La Nguyên Tài","Trường THCS & THPT Đống Đa - Lâm Đồng","322","14","6","342"
"253","minhdq","Đào Quang Minh","Trường Trung học phổ thông chuyên Nguyễn Huệ - Hà Nội","294","0","48","342"
"255","snooze","Nguyễn Khắc Thụy","Trường Trung học phổ thông chuyên Trần Hưng Đạo - Bình Thuận","217","119","","336"
"255","goten2308","Hà Công Anh","Trường Trung học phổ thông chuyên Tuyên Quang - Tuyên Quang","252","","84","336"
"257","XuanHieu_TQ","Đinh Xuân Hiếu","Trường Trung học phổ thông chuyên Tuyên Quang - Tuyên Quang","189","140","6","335"
"258","truongtv2008","Trần Văn Trường","Trường Trung học phổ thông chuyên Thái Nguyên - Thái Nguyên","315","7","6","328"
"259","baoanhVjppro","Thái Bảo Anh","Trường Trung học phổ thông chuyên Nguyễn Du - Đắk Lắk","322","","0","322"
"259","trangtrangVN","Hoàng Minh Vũ, Kon Tum","THPT chuyên Nguyễn Tất Thành - Kon Tum","322","","0","322"
"259","mdk2007","Mông Duy Khánh","Trường Trung học phổ thông chuyên Thái Nguyên - Thái Nguyên","322","","","322"
"259","nnah","Nguyễn Ngọc Anh Hoàng","Trường Trung học phổ thông chuyên Lê Quý Đôn - Ninh Thuận","322","","","322"
"263","patrickngo2007","Ngô Minh Đạt","Trường Trung học phổ thông chuyên Nguyễn Tất Thành - Yên Bái","315","","","315"
"264","Dreamy_lovesper","Giáp Trinh Đăng","Trường Trung học phổ thông chuyên Nguyễn Tất Thành - Kon Tum","203","105","","308"
"264","huyjav","Nguyễn Gia Huy","Trường Trung học phổ thông chuyên Hưng Yên - Hưng Yên","175","133","","308"
"266","approx","Nguyễn Minh Khang","Trường Trung học phổ thông chuyên Lý Tự Trọng - Cần Thơ","7","245","48","300"
"266","ngda290307","Nguyễn Duy Anh","Trường Trung học phổ thông chuyên Sơn La - Sơn La","294","0","6","300"
"266","namprozz","Đặng Hoàng Nam","Trường Trung học phổ thông chuyên Thăng Long - Lâm Đồng","189","105","6","300"
"269","nguyendanghung","Nguyễn Đăng Hưng","Trường Trung học phổ thông chuyên Lý Tự Trọng - Cần Thơ","168","126","0","294"
"269","Cheeee_shrimp_19","Vũ Phú Thành","Trường Trung học phổ thông chuyên Hoàng Văn Thụ - Hòa Bình","189","105","","294"
"271","ND08","Trần Trung Kiên","Trường Trung học phổ thông chuyên Lê Hồng Phong - Nam Định","168","105","","273"
"271","Phuoc2k7","Phạm Gia Phước","Trường Trung học phổ thông chuyên Lê Quý Đôn - Bình Định","168","105","","273"
"271","Tuan_backdes","Đạt đẹp trai vãi nhái","Trường Trung học phổ thông chuyên Lê Quý Đôn - Điện Biên","259","14","","273"
"271","TgX_2","Bùi Đình Lộc","Trường Trung học phổ thông chuyên Hùng Vương - Bình Dương","273","","","273"
"275","ltfus","Lâm Thành Phú","Trường Trung học phổ thông chuyên Hoàng Văn Thụ - Hòa Bình","140","","126","266"
"276","lequanglam0331","Lê Quang Lâm","Trường Trung học phổ thông chuyên Nguyễn Tất Thành - Yên Bái","259","","","259"
"277","nguyentrongtan","Nguyễn Trọng Tấn","Trường Trung học phổ thông chuyên Sơn La - Sơn La","238","14","6","258"
"277","Tk5328","Huỳnh Tuấn Khiêm","Trường Trung học phổ thông chuyên Nguyễn Thị Minh Khai - Sóc Trăng","238","14","6","258"
"279","minhquanz","Nguyễn Minh Đức","Trường Trung học phổ thông chuyên Đại học Vinh - Trường Đại học Vinh - Nghệ An","252","","","252"
"279","sitingfake","Ngô Duy Trạng","Trường Trung học phổ thông chuyên Tiền Giang - Tiền Giang","252","0","","252"
"281","Terence","Trần Thế Thông","Trường Trung học phổ thông chuyên Nguyễn Thị Minh Khai - Sóc Trăng","91","154","6","251"
"282","EvolutionzXD","Đặng Xuân Bách","Trường Trung học phổ thông chuyên Hùng Vương - Gia Lai","238","","","238"
"282","PQuang","Đỗ Phú Quang","Trường Trung học phổ thông chuyên Lê Thánh Tông - Quảng Nam","238","","","238"
"284","Phucc","Nguyễn Hữu Phúc","Trường Trung học phổ thông chuyên Lê Quý Đôn - Quảng Trị","189","","48","237"
"285","ahihi12133","Đỗ Văn Hải","Trường Trung học phổ thông chuyên Hưng Yên - Hưng Yên","91","133","6","230"
"286","kimnhatdev1106","Trần Kim Nhật","Trường THPT Hương Khê","189","14","24","227"
"287","Son2008","Nguyễn Phúc Hải Sơn","Trường Trung học phổ thông chuyên Hà Tĩnh - Hà Tĩnh","105","105","0","210"
"287","minhchau1101","Phan Minh Châu","Trường Trung học phổ thông chuyên Nguyễn Du - Đắk Lắk","210","","","210"
"287","trieuphucthinh77","Triệu Phúc Thịnh","free fire","189","21","","210"
"287","ntdung254","Nguyễn Tấn Dũng","Trường Trung học phổ thông chuyên Trần Hưng Đạo - Bình Thuận","189","21","","210"
"291","Tatooka","Phạm Nguyễn Thiên Tường","Trường Trung học phổ thông chuyên Huỳnh Mẫn Đạt - Kiên Giang","189","14","","203"
"292","doquangnghia","Đỗ Quang Nghĩa","Trường Trung học phổ thông chuyên Lê Khiết - Quảng Ngãi","196","","","196"
"292","nguyenhoangminhkhanh23","Nguyễn Hoàng Minh Khánh","Trường Trung học phổ thông chuyên Tiền Giang - Tiền Giang","196","0","","196"
"294","TEO_TEO","Trần Minh Quốc","Trường Trung học phổ thông chuyên Huỳnh Mẫn Đạt - Kiên Giang","189","","6","195"
"295","letrungvinh2007","Lê Trung Vinh","Trường Trung học phổ thông chuyên Nguyễn Thị Minh Khai - Sóc Trăng","189","","","189"
"295","tayninh2hlk","Nguyễn Hữu Quang","Trường Trung học phổ thông chuyên Hoàng Lê Kha - Tây Ninh","189","","","189"
"295","nnnn_nnnn","","","189","","","189"
"295","dang08052008","","","189","","","189"
"295","ninhanhvuk7","Ninh Anh Vũ","Trường Trung học phổ thông chuyên Sơn La - Sơn La","189","","0","189"
"295","trinhvtuan","Trịnh Văn Tuấn","Trường Trung học phổ thông chuyên Lê Thánh Tông - Quảng Nam","189","","","189"
"295","k12_khoi","Lê Thiện Khôi","Trường Trung học phổ thông chuyên Lê Thánh Tông - Quảng Nam","189","","","189"
"302","trieulongquan10a2","Triệu Long Quân","Trường Trung học phổ thông chuyên Nguyễn Thị Minh Khai - Sóc Trăng","168","14","","182"
"303","lamhungvi","Lâm Hùng Vĩ, Sóc Trăng","THPT chuyên Nguyễn Thị Minh Khai - Sóc Trăng","161","14","6","181"
"304","DaiDuong12907","Đoàn Đại Dương","Trường Trung học phổ thông chuyên Hưng Yên - Hưng Yên","168","","","168"
"304","ninhbinh09","NGUYỄN TRUNG KIÊN","Trường Trung học phổ thông chuyên Lương Văn Tụy - Ninh Bình","168","","","168"
"306","ASURA34","Đỗ Mạnh Hiệp","Trường Trung học phổ thông chuyên Nguyễn Trãi - Hải Dương","56","105","0","161"
"307","tranquockhanh244","Trần Quốc Khánh","Trường Trung học phổ thông chuyên Thăng Long - Lâm Đồng","112","14","6","132"
"307","VuQuangSang","Vũ Quang Sáng","Trường Trung học phổ thông chuyên Lê Khiết - Quảng Ngãi","112","14","6","132"
"309","trungquanhihi","Võ Đồng Trung Quân","Trường Trung học phổ thông chuyên Nguyễn Thị Minh Khai - Sóc Trăng","112","14","","126"
"310","K32VuThiNgocAnh","Vũ Thị Ngọc Anh","Trường Trung học phổ thông chuyên Bắc Giang - Bắc Giang","119","","","119"
"311","thandosonanh","Thân Đỗ Sơn Anh","Trường Trung học phổ thông chuyên Tuyên Quang - Tuyên Quang","112","","6","118"
"312","Luattapcode","Huỳnh Quốc Luật","THPT Chuyên Lê Khiết","112","0","","112"
"313","sirseven","Huỳnh Minh Triết","Trường Trung học phổ thông chuyên Lê Khiết - Quảng Ngãi","98","","12","110"
"314","SP_Caramen","Đỗ Việt Khánh","Trường Trung học phổ thông chuyên Lê Quý Đôn - Bình Định","105","","","105"
"314","totenlinh","Phạm Tuấn Linh","Trường Trung học phổ thông chuyên Biên Hòa - Hà Nam","0","105","","105"
"314","kentran232","Trần Nguyễn Anh khoa","Trường Trung học phổ thông chuyên Lê Quý Đôn - Ninh Thuận","105","","","105"
"314","ninhbinh007_seven","BÙI TÙNG LINH","Trường Trung học phổ thông chuyên Lương Văn Tụy - Ninh Bình","","105","","105"
"318","XuanTungct","Nguyễn Xuân Tùng","Trường Trung học phổ thông chuyên Nguyễn Du - Đắk Lắk","91","","","91"
"318","manh","Vũ Bá Mạnh","Trường Trung học phổ thông chuyên Hùng Vương - Gia Lai","91","0","","91"
"318","vdtue","Võ Đăng Tuệ","Trường Trung học phổ thông Chi Lăng - Gia Lai","91","","","91"
"318","leduythanh1506","Lê Duy Thành","Trường Trung học phổ thông chuyên Lê Khiết - Quảng Ngãi","91","0","0","91"
"322","Doannhatanh_1312","Đoàn Nhật Anh","Trường Trung học phổ thông chuyên Hùng Vương - Gia Lai","70","0","","70"
"323","24MTTN193","Nguyễn Lê Khánh Nguyên","Trường Trung học phổ thông chuyên Trần Hưng Đạo - Bình Thuận","49","","","49"
"323","VuHoaiBang","Vũ Hoài Băng","","49","0","0","49"
"325","cpp_nopro","Ngô Viết Tình","Trường Trung học phổ thông chuyên Hùng Vương - Phú Thọ","28","","","28"
"326","nguyentrieuvy123","","Trường Trung học phổ thông chuyên Nguyễn Thị Minh Khai - Sóc Trăng","7","14","6","27"
"326","trieukhang08","Trương Triệu Khang","Trường Trung học phổ thông chuyên Huỳnh Mẫn Đạt - Kiên Giang","7","14","6","27"
"326","AhohoFjq","Đặng Thái Kim","Trường Trung học phổ thông Chi Lăng - Gia Lai","7","14","6","27"
"329","hihihi111","Khoàng Tiến Dũng","Trường Trung học phổ thông chuyên Lê Quý Đôn - Điện Biên","0","","24","24"
"330","thaidz","Vương Duy Thái","Trường Trung học phổ thông chuyên Nguyễn Huệ - Hà Nội","","14","","14"
"331","daothangthangdao","Đào Đức Thắng","Trường Trung học phổ thông chuyên Sơn La - Sơn La","7","0","","7"
"331","pndhpndh","Phạm Nguyễn Đăng Huy","Trường Trung học phổ thông chuyên Hà Nội – Amsterdam - Hà Nội","7","","","7"
"333","tayninh5hlk","Đỗ Gia Huy","Trường Trung học phổ thông chuyên Hoàng Lê Kha - Tây Ninh","","","","0"
"333","TuanAnhcerti","Nguyễn Trần Tuấn Anh","Trường Trung học phổ thông chuyên Nguyễn Tất Thành - Kon Tum","","","","0"
"333","trietlailaptrinh","Huỳnh Minh Triết","Trường Trung học phổ thông chuyên Huỳnh Mẫn Đạt - Kiên Giang","","","","0"
"333","nltt","Nguyễn Lê Tuấn Tú","Trường Trung học phổ thông chuyên Nguyễn Huệ - Hà Nội","","","","0"
"333","rakkoon69","Lê Hữu Hòa, Bà Rịa – Vũng Tàu","THPT chuyên Lê Quý Đôn - Bà Rịa – Vũng Tàu","","","","0"
"333","vuongvietligt","Vương Viết Lượng","Trường Trung học phổ thông chuyên Đại học Vinh - Trường Đại học Vinh - Nghệ An","","","","0"
"333","sangph2612","Phạm Thanh Sang","THPT Nguyễn Trung Trực - Bến Lức","","","","0"
"333","HieuKun","Nguyễn Minh Hiệu","","","","","0"
"333","ntlinh","Nguyễn Thảo Linh","Trường Trung học phổ thông chuyên Lê Quý Đôn - Điện Biên","","","","0"
"333","huyjavalt01","Phạm Tuấn Khanh","Trường Trung học phổ thông chuyên Nguyễn Huệ - Hà Nội","","","","0"
"333","phong208","Nguyễn Bá Phong","Trường Trung học phổ thông chuyên Nguyễn Huệ - Hà Nội","","","","0"
"333","ThienNhann","Nguyễn Diên Thiện Nhân","Trường Trung học phổ thông chuyên Đại học Vinh - Trường Đại học Vinh - Nghệ An","","","","0"
"333","hocsinhchuyenhoa","Vũ Đình Hưng","Trường Trung học phổ thông chuyên Đại học Vinh - Trường Đại học Vinh - Nghệ An","","","","0"
"333","TvNK1225","Trần Vũ Nguyên Khôi","Trường Trung học phổ thông chuyên Đại học Vinh - Trường Đại học Vinh - Nghệ An","","","","0"
"333","NguyenLee","Lê Nguyễn Trí Nguyên","Trường Trung học phổ thông chuyên Nguyễn Tất Thành - Kon Tum","","","","0"
"333","HOANGNGUYENHUYNH","Huỳnh Hoàng Nguyên","Trường Trung học phổ thông chuyên Nguyễn Tất Thành - Kon Tum","","","","0"
"333","Shiba_Engine","Nguyễn Nhật Anh","Trường Trung học phổ thông chuyên Lương Văn Chánh - Phú Yên","","","","0"
"333","diablosaga2009","Phạm Quốc Hưng","Trường Trung học phổ thông chuyên Nguyễn Du - Đắk Lắk","0","","","0"
"333","levuanhtin31","Lê Vũ Anh Tin","Trường Trung học phổ thông chuyên Nguyễn Du - Đắk Lắk","","","","0"
"333","trannhatanpy","Trần Nhật An","Trường Trung học phổ thông chuyên Lương Văn Chánh - Phú Yên","","","","0"
"333","wuan","Hoàng Minh Quân","Trường Trung học phổ thông chuyên Hà Nội – Amsterdam - Hà Nội","","","","0"
"333","HThinh","Trần Huỳnh Hữu Thịnh","Trường Trung học phổ thông chuyên Lê Thánh Tông - Quảng Nam","","","","0"
"333","latr","Lê Anh Trí","Trường Trung học phổ thông chuyên Hà Nội – Amsterdam - Hà Nội","","","","0"
"333","nguyenhuunguyen123","Nguyễn Hữu Nguyên","Trường Trung học phổ thông chuyên Lê Quý Đôn - Quảng Trị","","","","0"
"333","24MTTN181","Huỳnh Ngọc Minh Triết","Trường Trung học phổ thông chuyên Quốc Học - Thừa Thiên Huế","","","","0"
"333","npmquan2008","Nguyễn Phú Minh Quân","Trường Trung học phổ thông chuyên Thoại Ngọc Hầu - An Giang","","","","0"
"333","nguyenleson112008","Nguyễn Lê Ngọc Sơn","Trường Trung học phổ thông chuyên Đại học Vinh - Trường Đại học Vinh - Nghệ An","","","","0"
"333","lime","","","0","","","0"
"333","bachnh","Nguyễn Hoàng Bách","Trường Trung học phổ thông chuyên Thái Nguyên - Thái Nguyên","","","","0"
"333","the","HỒ VĂN THẾ","Trường Trung học phổ thông chuyên Nguyễn Tất Thành - Kon Tum","","","","0"
"333","trendbattles","Nguyễn Nguyễn Gia Bảo","Trường Trung học phổ thông chuyên Quốc Học - Thừa Thiên Huế","","","","0"
"333","mduchello","Nguyễn Minh Đức","Trường Trung học phổ thông chuyên Đại học Vinh - Trường Đại học Vinh - Nghệ An","","","","0"
"333","leminhnhat","Lê Minh Nhật","Trường Trung học phổ thông chuyên Lê Quý Đôn - Quảng Trị","","","","0"
"333","theBabyFish","Phạm Trung Duy","Trường Trung học phổ thông chuyên Lê Quý Đôn - Quảng Trị","","","","0"
"333","subjectt74","Đặng Vương Trung Hiếu","Trường Trung học phổ thông chuyên Lương Văn Tụy - Ninh Bình","","","","0"
"333","tdet141","Nguyễn Tiến Đạt","Trường Trung học phổ thông chuyên Nguyễn Huệ - Hà Nội","","","","0"
"333","vinhtink34","Tạ Thế Vinh","Trường Trung học phổ thông chuyên Thái Nguyên - Thái Nguyên","","","","0"
"333","nguyenhainam1012cg","Nguyễn Hải Nam","Trường Trung học phổ thông chuyên Nguyễn Huệ - Hà Nội","","","","0"
"333","superpro20092005","Lê Hiếu","Trường Trung học phổ thông chuyên Nguyễn Du - Đắk Lắk","","0","0","0"
"333","Russvn123","Lê Thanh Khang","Trường Trung học phổ thông chuyên Nguyễn Thị Minh Khai - Sóc Trăng","","","","0"
"333","dungdao","Đào Quang Dũng","Trường Trung học phổ thông chuyên Sơn La - Sơn La","","","","0"
"333","anle82917","Lê Thanh An","THPT Đại Ngãi","","","","0"
"333","1502dth","Dương Thế Hưng","Trường Trung học phổ thông chuyên Nguyễn Huệ - Hà Nội","","","","0"
"333","vubaokhanh","Vũ Bảo Khanh","Trường Trung học phổ thông chuyên Sơn La - Sơn La","0","","","0"
"333","DuyPhamm","Phạm Minh Duy","Trường Phổ thông Năng khiếu - Đại học Quốc gia Thành phố Hồ Chí Minh - Thành phố Hồ Chí Minh","","","","0"
"333","ninhbinh06","PHẠM THẾ DŨNG","Trường Trung học phổ thông chuyên Lương Văn Tụy - Ninh Bình","","","","0"
"333","No_Name_","Đỗ Pirlo","Trường Trung học phổ thông chuyên Hùng Vương - Bình Dương","","","","0"
"333","DL_DoanTrongTuan2009","Đoàn Trọng Tuấn","Trường Trung học phổ thông chuyên Nguyễn Du - Đắk Lắk","","","","0"
"333","nghung","Nguyễn Mạnh Hùng","Trường Trung học phổ thông chuyên Hùng Vương - Bình Dương","","","","0"
"333","tayninh6hlk","Lê Nhựt Trí","Trường Trung học phổ thông chuyên Hoàng Lê Kha - Tây Ninh","","","","0"
"333","minhphu29072008","Nguyễn Duy Mình Phú","Trường Trung học phổ thông chuyên Quốc Học - Thừa Thiên Huế","","","","0"
"333","qdqkfjbkbk","Phạm Vũ Đăng","Trường Trung học phổ thông chuyên Hà Nội – Amsterdam - Hà Nội","","","","0"
"333","ninhbinh_kminh","NGUYỄN KHÁNH MINH","Trường Trung học phổ thông chuyên Lương Văn Tụy - Ninh Bình","","","","0"
"333","re4ler","Nguyễn Mạnh Kiên","Trường Trung học phổ thông chuyên Nguyễn Huệ - Hà Nội","","","","0"
"333","thaitp2009","Trần Phúc Thái","Trường Phổ thông Năng khiếu - Đại học Quốc gia Thành phố Hồ Chí Minh - Thành phố Hồ Chí Minh","","","","0"
"333","kh0i","Lê Trọng Khôi","Trường Trung học phổ thông chuyên Hà Nội – Amsterdam - Hà Nội","","","","0"
"333","Ducthien19","Phạm Đức Thiện","Trường Trung học phổ thông chuyên Sơn La - Sơn La","","","","0"
"333","anhvungoc1712","Vũ Nguyên Dương","Trường Trung học phổ thông chuyên Đại học Vinh - Trường Đại học Vinh - Nghệ An","","","","0"
"333","leminhtai","Lê Minh Tài","Trường Trung học phổ thông chuyên Đại học Vinh - Trường Đại học Vinh - Nghệ An","","","","0"
"333","solarisup","Lê Hữu Đức Gia Minh","Trường Trung học phổ thông FPT Bắc Từ Liêm - Hà Nội","0","0","","0"
"333","Tubication","Cao Nguyễn Đăng Quang","Trường Trung học phổ thông chuyên Đại học Vinh - Trường Đại học Vinh - Nghệ An","","","","0"
"394","sarocdnik","","","266","140","6","-9999"
"394","thanhAOC123","Trần Tiến Thành","Trường Trung học phổ thông chuyên Nguyễn Tất Thành - Yên Bái","266","0","6","-9999"