﻿"","Username","Fullname","School","cup2024r6p1","cup2024r6p2","cup2024r6p3","Points"
"1","modwwe","Nguyễn Huy Phong, Lào Cai","THPT chuyên Lào Cai - Lào Cai","700","700","600","2000"
"2","quagiadecode","Nguyễn Thế Việt Anh","Trường Trung học phổ thông chuyên Bắc Ninh - Bắc Ninh","700","616","600","1916"
"3","TrolleyCoder","Đặng Huy Hậu","Trường Trung học phổ thông chuyên Thăng Long - Lâm Đồng","700","378","576","1654"
"4","duong3982","Hoàng Dương","Trường Trung học phổ thông chuyên Nguyễn Huệ - Hà Nội","700","301","600","1601"
"5","phungduc3103","Phùng Ngọc Nguyên Đức","Trường THPT Chuyên Lương Thế Vinh - Đồng Nai","700","623","180","1503"
"6","NguyenPhuNhan","Nguyễn Phú Nhân","Trường Trung học phổ thông chuyên Lê Quý Đôn - Đà Nẵng","700","574","180","1454"
"7","ND01","Hoàng Minh Đức","Trường Trung học phổ thông chuyên Lê Hồng Phong - Nam Định","700","140","600","1440"
"7","vongocsinh","Võ Ngọc Sinh","Trường Trung học phổ thông chuyên Võ Nguyên Giáp - Quảng Bình","700","140","600","1440"
"7","trendbattles","Nguyễn Nguyễn Gia Bảo","Trường Trung học phổ thông chuyên Quốc Học - Thừa Thiên Huế","700","140","600","1440"
"7","HWE","Thiều Nguyễn Huy","Trường Trung học phổ thông chuyên Lê Quý Đôn - Đà Nẵng","700","140","600","1440"
"7","nho","Nguyễn Ngọc Nhớ","Trường Trung học phổ thông chuyên Lý Tự Trọng - Cần Thơ","700","140","600","1440"
"12","3erserk","Đinh Tiến Cường, Lào Cai","THPT chuyên Lào Cai - Lào Cai","700","623","114","1437"
"13","sadboizzz","Ninh Quang Thắng","Trường Trung học phổ thông chuyên Hạ Long - Quảng Ninh","700","112","600","1412"
"13","tuandq","Dương Quốc Tuấn","Trường Trung học phổ thông chuyên Lê Quý Đôn - Đà Nẵng","700","700","12","1412"
"15","huyjavalt01","Phạm Tuấn Khanh","Trường Trung học phổ thông chuyên Nguyễn Huệ - Hà Nội","700","77","600","1377"
"16","leminhtuanils27","Lê Minh Tuấn","Trường Trung học phổ thông chuyên Lam Sơn - Thanh Hóa","700","168","480","1348"
"17","kienht","Thái Văn Gia Kiên","Trường Trung học phổ thông chuyên Hà Tĩnh - Hà Tĩnh","700","140","486","1326"
"18","villeclaude","Hoàng Văn Trà","Trường Trung học phổ thông chuyên Bắc Giang - Bắc Giang","700","623","0","1323"
"19","hxano","Nguyễn Đăng Khang","Trường Trung học phổ thông chuyên Hùng Vương - Gia Lai","700","21","600","1321"
"19","btoandz","Nguyễn Ngọc Bảo Toàn","Trường Trung học phổ thông chuyên Phan Bội Châu - Nghệ An","700","21","600","1321"
"19","Son2008","Nguyễn Phúc Hải Sơn","Trường Trung học phổ thông chuyên Hà Tĩnh - Hà Tĩnh","700","21","600","1321"
"19","Zylenox","Phạm Hải Đăng","Trường Trung học phổ thông chuyên Hưng Yên - Hưng Yên","700","21","600","1321"
"19","TinK30_HTManh","Hoàng Tiến Mạnh","Trường Trung học phổ thông chuyên Bắc Ninh - Bắc Ninh","700","21","600","1321"
"19","Art","Bùi Hải Đăng","Trường Trung học phổ thông chuyên Biên Hòa - Hà Nam","700","21","600","1321"
"25","quq","Dương Đăng Quang","Trường Trung học phổ thông chuyên Lý Tự Trọng - Cần Thơ","700","140","480","1320"
"26","hieutaminh","Tạ Minh Hiếu, Ninh Bình","THPT chuyên Lương Văn Tụy - Ninh Bình","700","133","480","1313"
"27","tolavkhang","Nguyễn Hồ Vĩnh Khang","Trường Trung học phổ thông chuyên Nguyễn Tất Thành - Kon Tum","700","140","468","1308"
"28","ninhbinh04_kuz","ĐINH NGỌC CƯỜNG","Trường Trung học phổ thông chuyên Lương Văn Tụy - Ninh Bình","700","119","480","1299"
"29","tqbduong207","Trương Quang Bảo Dương","THPT chuyên Lê Quý Đôn","700","140","426","1266"
"30","nathan4690","Nguyễn Viết Trung Nhân","Trường Trung học phổ thông chuyên Khoa học Tự nhiên - Trường Đại học Khoa học Tự nhiên, Đại học Quốc gia Hà Nội - Hà Nội","700","140","402","1242"
"31","thanhphile983","Lê Thanh Phi","Trường Trung học phổ thông chuyên Lê Khiết - Quảng Ngãi","616.83","0","600","1216.83"
"32","ASURA34","Đỗ Mạnh Hiệp","Trường Trung học phổ thông chuyên Nguyễn Trãi - Hải Dương","700","21","486","1207"
"33","chungnopro22082007","Nguyễn Thành Chung","Trường Trung học phổ thông chuyên Hùng Vương - Phú Thọ","700","21","480","1201"
"33","itsQuang","Trịnh Minh Quang","Trường Trung học phổ thông chuyên Lý Tự Trọng - Cần Thơ","700","21","480","1201"
"35","Ak2k8","Võ Hoài Anh Khoa","Trường Trung học phổ thông chuyên Quốc Học - Thừa Thiên Huế","700","","480","1180"
"36","hiensumi","Phạm Duy Hiển","Trường Trung học phổ thông chuyên Lê Khiết - Quảng Ngãi","700","182","294","1176"
"37","ntminh2409","Nguyễn Tấn Minh","Trường Trung học phổ thông chuyên Quốc Học - Thừa Thiên Huế","700","21","450","1171"
"38","tien9d2","Đặng Minh Tiến","Trường Trung học phổ thông chuyên Hạ Long - Quảng Ninh","700","273","186","1159"
"38","datp3877","Phan Thanh Đạt","Trường Trung học phổ thông chuyên Võ Nguyên Giáp - Quảng Bình","700","21","438","1159"
"40","tuank40itchv","Lê Anh Tuấn","Trường Trung học phổ thông chuyên Hùng Vương - Phú Thọ","700","273","180","1153"
"41","LTTrungCHL","Lưu Tiến Trung","Trường Trung học phổ thông chuyên Hạ Long - Quảng Ninh","700","21","414","1135"
"42","dwuy","Nguyễn Phạm Đức Huy","Trường Trung học phổ thông Gia Định - Thành phố Hồ Chí Minh","700","140","282","1122"
"43","PhanHuyKhang","Phan Huy Khang","Trường Trung học phổ thông chuyên Lê Quý Đôn - Đà Nẵng","700","245","174","1119"
"44","Phucc","Nguyễn Hữu Phúc","Trường Trung học phổ thông chuyên Lê Quý Đôn - Quảng Trị","700","140","264","1104"
"45","phamducminh538","Phạm Đức Minh","Trường Trung học phổ thông chuyên Võ Nguyên Giáp - Quảng Bình","700","21","378","1099"
"46","chinhly","Lý Nguyễn Công Chính","Trường Trung học phổ thông Quang Trung - Bình Định","700","392","","1092"
"47","anmattroi","Nguyễn Hải An","Trường Trung học phổ thông chuyên Nguyễn Trãi - Hải Dương","700","21","360","1081"
"48","Zoeeoz","Nguyễn Minh Nhật","Trường Trung học phổ thông chuyên Thái Nguyên - Thái Nguyên","700","21","354","1075"
"49","trannhanminh","Trần Nhân Minh","Trường Trung học phổ thông chuyên Nguyễn Trãi - Hải Dương","700","182","174","1056"
"50","Huyyy1","","","700","168","174","1042"
"51","duckindog","Nguyễn Minh Đưcs","Trường Trung học phổ thông chuyên Trần Phú - Hải Phòng","700","21","300","1021"
"51","Pham_Cong_Duc_Minh","Phạm Công Đức Minh","Trường Trung học phổ thông chuyên Hà Tĩnh - Hà Tĩnh","700","21","300","1021"
"53","Ejen","Huỳnh Anh Nhật","Trường Trung học phổ thông chuyên Lê Quý Đôn - Bình Định","700","140","180","1020"
"54","ND03","Ninh Đức Nam","Trường Trung học phổ thông chuyên Lê Hồng Phong - Nam Định","700","21","282","1003"
"55","bBb354111691bBb","","Trường Trung học phổ thông chuyên Hưng Yên - Hưng Yên","665.35","336","","1001.35"
"56","sqrtN","Trần Anh Thi","Trường Trung học phổ thông chuyên Lê Quý Đôn - Bình Định","700","140","156","996"
"57","ND10","Lương Mạnh Hiếu","Trường Trung học phổ thông chuyên Lê Hồng Phong - Nam Định","700","119","174","993"
"58","ngokhanh","","","700","287","","987"
"59","subjectt74","Đặng Vương Trung Hiếu","Trường Trung học phổ thông chuyên Lương Văn Tụy - Ninh Bình","700","273","12","985"
"60","callmelucian","Nguyễn Tấn Minh","Trường Trung học phổ thông chuyên Lê Hồng Phong - Thành phố Hồ Chí Minh","700","0","258","958"
"61","nhatanh2k7a","Nguyễn Đào Nhật Anh","Trường Trung học phổ thông chuyên Hùng Vương - Phú Thọ","700","77","180","957"
"61","vuongkm","Kiều Minh Vương","Trường Trung học phổ thông chuyên Hùng Vương - Phú Thọ","700","77","180","957"
"63","HinMint","Phạm Hiền Minh","Trường Trung học phổ thông chuyên Trần Phú - Hải Phòng","700","77","174","951"
"63","anh788307","Hoàng Anh","Trường Trung học phổ thông chuyên Trần Phú - Hải Phòng","700","77","174","951"
"63","ND02","Đặng Mai Chi","Trường Trung học phổ thông chuyên Lê Hồng Phong - Nam Định","700","77","174","951"
"63","vuquangduoc1234","Vũ Quang Được","Trường Trung học phổ thông chuyên Trần Phú - Hải Phòng","700","77","174","951"
"67","lamvu45","Vũ Tùng Lâm","Trường Trung học phổ thông chuyên Trần Phú - Hải Phòng","686.14","77","174","937.14"
"68","vinhtink34","Tạ Thế Vinh","Trường Trung học phổ thông chuyên Thái Nguyên - Thái Nguyên","700","56","180","936"
"69","nguyentai090908","La Nguyên Tài","Trường THCS & THPT Đống Đa - Lâm Đồng","700","21","210","931"
"70","binminh01","Nguyễn Nhật Minh","Trường Trung học phổ thông chuyên Khoa học Tự nhiên - Trường Đại học Khoa học Tự nhiên, Đại học Quốc gia Hà Nội - Hà Nội","180.20","140","600","920.20"
"71","ND04","Nguyễn Duy Cương","Trường Trung học phổ thông chuyên Lê Hồng Phong - Nam Định","700","35","180","915"
"72","ngocson","Nguyễn Ngọc Sơn","Trường Trung học phổ thông chuyên Lê Hồng Phong - Nam Định","700","21","192","913"
"73","phongtin27","Võ Văn Đạt","Trường Trung học phổ thông chuyên Lê Quý Đôn - Ninh Thuận","207.92","140","558","905.92"
"74","itachicbh","Đỗ Thành Trọng","Trường Trung học phổ thông chuyên Biên Hòa - Hà Nam","700","21","180","901"
"74","ronaldotin10","Phạm Hoàng Minh Châu","Trường Trung học phổ thông chuyên Thái Nguyên - Thái Nguyên","700","21","180","901"
"74","ngohuytin007","Ngô Huy Tín","Trường Trung học phổ thông chuyên Lê Quý Đôn - Bình Định","700","21","180","901"
"74","RevolutionzXD","Nguyễn Thiện Nhân","Trường Trung học phổ thông chuyên Hùng Vương - Gia Lai","700","21","180","901"
"74","Doannhatanh_1312","Đoàn Nhật Anh","Trường Trung học phổ thông chuyên Hùng Vương - Gia Lai","700","21","180","901"
"74","VuQuangSang","Vũ Quang Sáng","Trường Trung học phổ thông chuyên Lê Khiết - Quảng Ngãi","700","21","180","901"
"74","dutuyenbuithaison","Bùi Thái Sơn","Trường Trung học phổ thông chuyên Hà Tĩnh - Hà Tĩnh","700","21","180","901"
"74","pntho1502","Phạm Ngọc Thơ","Trường Trung học phổ thông chuyên Hà Tĩnh - Hà Tĩnh","700","21","180","901"
"74","trtduong301","Trương Tiến Dương","Trường Trung học phổ thông chuyên Hùng Vương - Gia Lai","700","21","180","901"
"74","quocbao123_","Nguyễn Trần Quốc Bảo","Trường Trung học phổ thông chuyên Hà Tĩnh - Hà Tĩnh","700","21","180","901"
"74","huyjav","Nguyễn Gia Huy","Trường Trung học phổ thông chuyên Hưng Yên - Hưng Yên","700","21","180","901"
"74","sirseven","Huỳnh Minh Triết","Trường Trung học phổ thông chuyên Lê Khiết - Quảng Ngãi","700","21","180","901"
"74","khoaha123","Hà Nhật Khoa","Trường Trung học phổ thông chuyên Huỳnh Mẫn Đạt - Kiên Giang","700","21","180","901"
"87","Doi_tui_ban_hanh","Tạ Hữu Dương","Trường Trung học phổ thông chuyên Nguyễn Trãi - Hải Dương","700","21","174","895"
"87","EvolutionzXD","Đặng Xuân Bách","Trường Trung học phổ thông chuyên Hùng Vương - Gia Lai","700","21","174","895"
"87","nguyenthinhuquynh","Nguyễn Thị Như Quỳnh","Trường Trung học phổ thông chuyên Võ Nguyên Giáp - Quảng Bình","700","21","174","895"
"87","bunsmvm","Mai Ngọc Phú","Trường Trung học phổ thông chuyên Lê Khiết - Quảng Ngãi","700","21","174","895"
"87","kophaiquang08","Trần Đăng Quang","THPT Chuyên Phan Bội Châu, Nghệ An","700","21","174","895"
"87","ND06","Nguyễn Anh Vũ","Trường Trung học phổ thông chuyên Lê Hồng Phong - Nam Định","700","21","174","895"
"87","ahihi12133","Đỗ Văn Hải","Trường Trung học phổ thông chuyên Hưng Yên - Hưng Yên","700","21","174","895"
"87","nguyenvuminh0907","Nguyễn Vũ Minh, Hải Phòng","THPT chuyên Trần Phú - Hải Phòng","700","21","174","895"
"87","bqa100507","Bùi Quang Anh","Trường Trung học phổ thông chuyên Lý Tự Trọng - Cần Thơ","700","21","174","895"
"87","hoangnoobpro","Nguyễn Lê Huy Hoàng","Trường Trung học phổ thông chuyên Phan Bội Châu - Nghệ An","700","21","174","895"
"87","Bui_Quoc_Cuong","Bùi Quốc Cường","Trường Trung học phổ thông chuyên Lê Khiết - Quảng Ngãi","700","21","174","895"
"87","nguyhoangphu","","","700","21","174","895"
"87","hungnguyenmanh2k8","Nguyễn Mạnh Hùng","Trường Trung học phổ thông chuyên Hưng Yên - Hưng Yên","700","21","174","895"
"87","nguyenmautansang","Nguyễn Mậu Tấn Sang","Trường Trung học phổ thông chuyên Võ Nguyên Giáp - Quảng Bình","700","21","174","895"
"101","Luattapcode","Huỳnh Quốc Luật","THPT Chuyên Lê Khiết","700","14","180","894"
"102","khang_301008","Nguyễn An Khang","Trường Trung học phổ thông chuyên Lê Khiết - Quảng Ngãi","700","14","174","888"
"102","trvhung","Trần Việt Hưng","Trường Trung học phổ thông chuyên Võ Nguyên Giáp - Quảng Bình","700","14","174","888"
"104","HoaBanMaTuy","Nguyễn Nhân Hòa","Trường Trung học phổ thông chuyên Lam Sơn - Thanh Hóa","700","182","0","882"
"105","ND08","Trần Trung Kiên","Trường Trung học phổ thông chuyên Lê Hồng Phong - Nam Định","700","7","174","881"
"106","ND09","Phạm Đức Lương","Trường Trung học phổ thông chuyên Lê Hồng Phong - Nam Định","700","0","174","874"
"107","VuKhoiNguyen","Vũ Khôi Nguyên","Trường Trung học phổ thông chuyên Hưng Yên - Hưng Yên","700","168","","868"
"107","ba1234anh","","","700","168","","868"
"109","tronghuy","Nguyễn Phú Trọng","Trường Trung học phổ thông chuyên Nguyễn Tất Thành - Kon Tum","700","140","12","852"
"110","huyquang_25","Lê Quang Huy","Trường Trung học phổ thông chuyên Võ Nguyên Giáp - Quảng Bình","700","21","126","847"
"111","khanhdungtrinh","Trịnh Khánh Dũng","Trường Trung học phổ thông chuyên Lê Quý Đôn - Bình Định","700","140","6","846"
"112","daobao27","Đào Nguyễn Gia Bảo","Trường Trung học phổ thông chuyên Bắc Ninh - Bắc Ninh","700","140","","840"
"112","ghuy4g","Vũ Gia Huy","Trường Trung học phổ thông chuyên Nguyễn Huệ - Hà Nội","700","140","","840"
"112","nhanhoang510","Hoàng Thiện Nhân","Trường Trung học phổ thông chuyên Lê Quý Đôn - Quảng Trị","700","140","","840"
"112","minh30082008","Nguyễn Tá Quang Minh","Trường Trung học phổ thông chuyên Bắc Ninh - Bắc Ninh","700","140","","840"
"112","vnedu","","","700","140","","840"
"112","khangnguyen1211","Nguyễn Đức Khang","Trường Trung học phổ thông chuyên Nguyễn Trãi - Hải Dương","700","140","","840"
"112","luuphucvinh","Lưu Phúc Vinh","Trường Trung học phổ thông chuyên Trần Phú - Hải Phòng","700","140","","840"
"112","maithehung123","","","700","140","","840"
"112","HThinh","Trần Huỳnh Hữu Thịnh","Trường Trung học phổ thông chuyên Lê Thánh Tông - Quảng Nam","700","140","","840"
"112","ndtnbk","Nguyễn Đình Tài","Trường Trung học phổ thông chuyên Nguyễn Chí Thanh - Đắk Nông","700","140","","840"
"112","khanhss","Lê Nam Khánh","Trường Trung học phổ thông chuyên Lê Quý Đôn - Ninh Thuận","700","140","","840"
"112","XPhuoc","","","700","140","","840"
"112","Anphat","Nguyễn An Phát","Trường Trung học phổ thông chuyên Chu Văn An - Bình Định","700","140","","840"
"112","TrietPD","Phan Đình Triết","Trường Trung học phổ thông chuyên Lê Quý Đôn - Đà Nẵng","700","140","","840"
"112","anh03032007","Từ Hoàng Anh","Trường Trung học phổ thông chuyên Chu Văn An - Bình Định","700","140","","840"
"112","letrungggg","Nguyễn Lê Trung","Trường Trung học phổ thông chuyên Bắc Ninh - Bắc Ninh","700","140","","840"
"128","minh11022007","Nguyễn Anh Minh, Lào Cai","THPT chuyên Lào Cai - Lào Cai","700","126","12","838"
"128","phan_dang_hao","Phan Đăng Hào","Trường Trung học phổ thông chuyên Phan Bội Châu - Nghệ An","700","126","12","838"
"130","minhphu29072008","Nguyễn Duy Mình Phú","Trường Trung học phổ thông chuyên Quốc Học - Thừa Thiên Huế","700","21","114","835"
"131","Cadoc","Phan Minh Quân","Trường Trung học phổ thông chuyên Tiền Giang - Tiền Giang","700","133","","833"
"132","Helixdot__123","Nguyễn Ngọc Lân","Trường Trung học phổ thông chuyên Hưng Yên - Hưng Yên","700","","102","802"
"133","caotuanphong","Cao Tuấn Phong","Trường Trung học phổ thông chuyên Phan Bội Châu - Nghệ An","700","77","12","789"
"133","Namviet2704","Nguyễn Việt Nam","Trường Trung học phổ thông chuyên Phan Bội Châu - Nghệ An","700","77","12","789"
"135","phancddev","Phan Công Dũng","Trường Trung học phổ thông chuyên Quốc Học - Thừa Thiên Huế","180.20","","600","780.20"
"136","TVSown","Trịnh Văn Sơn","Trường Trung học phổ thông chuyên Hạ Long - Quảng Ninh","700","77","","777"
"136","thesoleft","Nguyễn Hải Minh","Trường Trung học phổ thông chuyên Lam Sơn - Thanh Hóa","700","77","","777"
"136","haanhtien","Hà Anh Tiến","THPT chuyên Lam Sơn","700","77","","777"
"136","florentinoss","Dương Xuân Quân","Trường Trung học phổ thông chuyên Lê Quý Đôn - Quảng Trị","700","77","","777"
"136","tainguyen217","Nguyễn Tiến Tài","Trường Trung học phổ thông chuyên Hùng Vương - Phú Thọ","700","77","","777"
"136","trinhtung","Trịnh Thế Tùng","Trường Trung học phổ thông chuyên Lam Sơn - Thanh Hóa","700","77","","777"
"142","Thang_Nguyen","Nguyễn Cao Quốc Thắng","Trường Trung học phổ thông chuyên Lê Quý Đôn - Ninh Thuận","700","56","","756"
"143","tranminhtrietdeptrai","Trần Minh Triết","Trường Trung học phổ thông chuyên Phan Bội Châu - Nghệ An","700","21","12","733"
"143","Tame","Phan Anh Tuấn","Trường Trung học phổ thông chuyên Lê Quý Đôn - Bình Định","700","21","12","733"
"143","20vukhacminh","Vũ Khắc Minh","Trường Trung học phổ thông chuyên Biên Hòa - Hà Nam","700","21","12","733"
"143","TuanAnhcerti","Nguyễn Trần Tuấn Anh","Trường Trung học phổ thông chuyên Nguyễn Tất Thành - Kon Tum","700","21","12","733"
"143","Inna_crex2","Mai Hồ Khoa","Trường Trung học phổ thông chuyên Thái Nguyên - Thái Nguyên","700","21","12","733"
"143","txdat","Trần Xuân Đạt","Trường Trung học phổ thông chuyên Võ Nguyên Giáp - Quảng Bình","700","21","12","733"
"143","arc","Hoàng Mạnh Linh","Trường Trung học phổ thông chuyên Phan Bội Châu - Nghệ An","700","21","12","733"
"143","Ai_2007","Trịnh Quốc Bình","Trường Trung học phổ thông chuyên Biên Hòa - Hà Nam","700","21","12","733"
"143","01LeHoangAn","Lê Hoàng An","Trường Trung học phổ thông chuyên Biên Hòa - Hà Nam","700","21","12","733"
"143","AnhSieu","Dương Anh Kiệt","Trường Trung học phổ thông chuyên Huỳnh Mẫn Đạt - Kiên Giang","700","21","12","733"
"153","Phamvuphuong13","Phạm Vũ Phương","Trường Trung học phổ thông chuyên Hà Tĩnh - Hà Tĩnh","700","21","6","727"
"153","XuanHieu_TQ","Đinh Xuân Hiếu","Trường Trung học phổ thông chuyên Tuyên Quang - Tuyên Quang","700","21","6","727"
"153","totenlinh","Phạm Tuấn Linh","Trường Trung học phổ thông chuyên Biên Hòa - Hà Nam","700","21","6","727"
"156","ShadowShark","Nguyễn Hải Anh","Trường Trung học phổ thông chuyên Hạ Long - Quảng Ninh","700","21","","721"
"156","ewfgdfgdfg","Lê Trịnh Duy Bình","Trường Trung học phổ thông chuyên Bình Long - Bình Phước","700","21","","721"
"156","louis_no_pro","Lưu Minh Hiếu","Trường Trung học phổ thông chuyên Lê Quý Đôn - Bình Định","700","21","","721"
"156","daotran2832008","Trần Thị Bích Đào","Trường Trung học phổ thông chuyên Biên Hòa - Hà Nam","700","21","","721"
"156","hlongze","Trần Hoàng Long","Trường Trung học phổ thông chuyên Lê Quý Đôn - Bà Rịa – Vũng Tàu","700","21","0","721"
"156","SussyCoder","Hoàng Lê Tuấn Nam","Trường Trung học phổ thông chuyên Bình Long - Bình Phước","700","21","","721"
"156","ninhbinh09","NGUYỄN TRUNG KIÊN","Trường Trung học phổ thông chuyên Lương Văn Tụy - Ninh Bình","700","21","","721"
"156","Duc_Manh_2008","","","700","21","","721"
"156","hungtien2202","Trần Hưng Tiến","Trường Trung học phổ thông chuyên Quốc Học - Thừa Thiên Huế","700","21","","721"
"156","dangcuber07","Lưu Hải Đăng","Trường Trung học phổ thông chuyên Nguyễn Trãi - Hải Dương","700","21","","721"
"156","Mikael639","Võ Gia Minh","Trường Trung học phổ thông chuyên Lê Quý Đôn - Bà Rịa – Vũng Tàu","700","21","0","721"
"156","duyoke","Trần Đức Duy","Trường Trung học phổ thông chuyên Lý Tự Trọng - Cần Thơ","700","21","","721"
"156","manh","Vũ Bá Mạnh","Trường Trung học phổ thông chuyên Hùng Vương - Gia Lai","700","21","","721"
"156","nthao1004","Nguyễn Thị Phương Thảo","Trường Trung học phổ thông chuyên Nguyễn Trãi - Hải Dương","700","21","0","721"
"156","duonghoangphong","Dương Hoàng Phong","Trường Trung học phổ thông chuyên Phan Bội Châu - Nghệ An","700","21","","721"
"156","trinhvtuan","Trịnh Văn Tuấn","Trường Trung học phổ thông chuyên Lê Thánh Tông - Quảng Nam","700","21","","721"
"156","minhbinhhoang","Hoàng Bình Minh","Trường Trung học phổ thông chuyên Lê Quý Đôn - Quảng Trị","700","21","","721"
"156","ttttttttttt","Nguyễn Thanh Tú","Trường Trung học phổ thông chuyên Hà Tĩnh - Hà Tĩnh","700","21","0","721"
"156","slibidi_toiket","Phan Hoàng Phi Long","Trường Trung học phổ thông chuyên Hưng Yên - Hưng Yên","700","21","","721"
"156","longlong5a6","Hoàng Văn Long","Trường Trung học phổ thông chuyên Hưng Yên - Hưng Yên","700","21","","721"
"156","chikimiri","","","700","21","","721"
"156","Kotoha","Nguyễn Thúc Trung Kiên","Trường Trung học phổ thông chuyên Quốc Học - Thừa Thiên Huế","700","21","0","721"
"156","cuctuyetaz258","Nguyễn Thị Ánh Tuyết","Trường Trung học phổ thông chuyên Nguyễn Chí Thanh - Đắk Nông","700","21","","721"
"156","sangph2612","Phạm Thanh Sang","THPT Nguyễn Trung Trực - Bến Lức","700","21","","721"
"156","caonhat732","","","700","21","","721"
"156","JustAPlainHuman","Nguyễn Minh Tuấn","Trường Trung học phổ thông chuyên Hạ Long - Quảng Ninh","700","21","","721"
"156","lamlamjjdo","quabuonngu","Trường Trung học phổ thông chuyên Bắc Ninh - Bắc Ninh","700","21","","721"
"156","hellojason970","","","700","21","","721"
"156","meoxu","Nguyễn Phan Minh Nhật","Trường Trung học phổ thông chuyên Quốc Học - Thừa Thiên Huế","700","21","","721"
"185","danglayloi1","Trần Hải Đăng","Trường Trung học phổ thông chuyên Phan Bội Châu - Nghệ An","700","0","18","718"
"186","tuannghiak33tin","Trịnh Tuấn Nghĩa","Trường Trung học phổ thông chuyên Hạ Long - Quảng Ninh","700","14","","714"
"186","npmquan2008","Nguyễn Phú Minh Quân","Trường Trung học phổ thông chuyên Thoại Ngọc Hầu - An Giang","700","14","","714"
"186","tranquyetthang","Trần Quyết Thắng","Trường Trung học phổ thông chuyên Huỳnh Mẫn Đạt - Kiên Giang","700","14","","714"
"189","superpro20092005","Lê Hiếu","Trường Trung học phổ thông chuyên Nguyễn Du - Đắk Lắk","700","","12","712"
"190","hiuwsss","Bùi Thành Hiếu","Trường Trung học phổ thông chuyên Hùng Vương - Gia Lai","388.12","140","174","702.12"
"191","leduythanh1506","Lê Duy Thành","Trường Trung học phổ thông chuyên Lê Khiết - Quảng Ngãi","700","","","700"
"191","doquangnghia","Đỗ Quang Nghĩa","Trường Trung học phổ thông chuyên Lê Khiết - Quảng Ngãi","700","","","700"
"191","ninhbinh03_khang09","NGUYỄN ĐẠI KHANG","Trường Trung học phổ thông chuyên Lương Văn Tụy - Ninh Bình","700","","","700"
"191","sumopro","Đỗ Hoàng Minh","Trường Trung học phổ thông chuyên Bình Long - Bình Phước","700","0","","700"
"191","nhatminhgpt2008","","","700","","","700"
"191","tayninh6hlk","Lê Nhựt Trí","Trường Trung học phổ thông chuyên Hoàng Lê Kha - Tây Ninh","700","","","700"
"191","NguyenHuuNhatQuang","Nguyễn Hữu Nhật Quang","Trường Trung học phổ thông chuyên Lê Quý Đôn - Đà Nẵng","700","","","700"
"191","tayninh5hlk","Đỗ Gia Huy","Trường Trung học phổ thông chuyên Hoàng Lê Kha - Tây Ninh","700","","","700"
"191","phuckanh","Trần Phúc Khánh","Trường Trung học phổ thông chuyên Lê Hồng Phong - Thành phố Hồ Chí Minh","700","","","700"
"191","nguyenleson112008","Nguyễn Lê Ngọc Sơn","Trường Trung học phổ thông chuyên Đại học Vinh - Trường Đại học Vinh - Nghệ An","700","","","700"
"191","ITK11_DUY","Tống Nguyễn Hà Duy","Trường Trung học phổ thông chuyên Lê Thánh Tông - Quảng Nam","700","","","700"
"191","nguyentien0101","Nguyễn Trọng Tiến","Trường Trung học phổ thông chuyên Hùng Vương - Bình Dương","700","","","700"
"191","mduchello","Nguyễn Minh Đức","Trường Trung học phổ thông chuyên Đại học Vinh - Trường Đại học Vinh - Nghệ An","700","","","700"
"191","TvNK1225","Trần Vũ Nguyên Khôi","Trường Trung học phổ thông chuyên Đại học Vinh - Trường Đại học Vinh - Nghệ An","700","","","700"
"191","k_rse","Nguyễn Gia Khánh, Lào Cai","THPT chuyên Lào Cai - Lào Cai","700","","","700"
"191","ThienNhann","Nguyễn Diên Thiện Nhân","Trường Trung học phổ thông chuyên Đại học Vinh - Trường Đại học Vinh - Nghệ An","700","","","700"
"191","ninhbinh03","ĐIỀN HẢI ĐĂNG","Trường Trung học phổ thông chuyên Lương Văn Tụy - Ninh Bình","700","","0","700"
"191","ninhbinh_kminh","NGUYỄN KHÁNH MINH","Trường Trung học phổ thông chuyên Lương Văn Tụy - Ninh Bình","700","0","","700"
"191","nnah","Nguyễn Ngọc Anh Hoàng","Trường Trung học phổ thông chuyên Lê Quý Đôn - Ninh Thuận","700","","","700"
"191","GiaBaomtp121212","","","700","0","","700"
"191","buivietthanh","Bùi Viết Thành","Trường Trung học phổ thông chuyên Lương Thế Vinh - Đồng Nai","700","","","700"
"191","hungmaxx","Hoàng Mạnh Hùng","Trường Trung học phổ thông chuyên Nguyễn Chí Thanh - Đắk Nông","700","0","","700"
"191","ninhbinh02","NGUYỄN THU NGÂN","Trường Trung học phổ thông chuyên Lương Văn Tụy - Ninh Bình","700","","","700"
"191","Kieu111107","Trần Văn Kiểu","Trường Trung học phổ thông chuyên Hùng Vương - Gia Lai","700","","","700"
"191","huyngodzz","Ngô Quang Huy","Trường Trung học phổ thông chuyên Hạ Long - Quảng Ninh","700","","","700"
"191","_alfr291","Vũ Ngọc Bình An, Lâm Đồng","THPT chuyên Bảo Lộc - Lâm Đồng","700","","","700"
"191","bngphuc","Bùi Nguyên Phúc","Trường Trung học phổ thông chuyên Quang Trung - Bình Phước","700","","","700"
"191","Phuoc2k7","Phạm Gia Phước","Trường Trung học phổ thông chuyên Lê Quý Đôn - Bình Định","700","","","700"
"191","dioman","bao dai","bảo đại","700","","","700"
"220","kimnhatdev1106","Trần Kim Nhật","Trường THPT Hương Khê","194.06","21","462","677.06"
"221","diablosaga2009","Phạm Quốc Hưng","Trường Trung học phổ thông chuyên Nguyễn Du - Đắk Lắk","353.47","","306","659.46"
"222","10tin_dinhson","Nguyễn Đình Sơn","Trường Trung học phổ thông chuyên Bắc Ninh - Bắc Ninh","499.01","140","0","639.01"
"223","kentran232","Trần Nguyễn Anh khoa","Trường Trung học phổ thông chuyên Lê Quý Đôn - Ninh Thuận","637.62","","","637.62"
"224","connornguyxn","Nguyễn Tấn Dũng, Phú Thọ","THPT chuyên Hùng Vương - Phú Thọ","568.32","21","0","589.32"
"225","HuyDarwin","Phạm Hồng Huy","Trường Trung học phổ thông chuyên Nguyễn Trãi - Hải Dương","180.20","21","384","585.20"
"226","HickWhither","Bùi Thiệu Khiêm","Trường Trung học phổ thông chuyên Nguyễn Tất Thành - Kon Tum","180.20","","360","540.20"
"227","cpp_nopro","Ngô Viết Tình","Trường Trung học phổ thông chuyên Hùng Vương - Phú Thọ","533.66","","","533.66"
"228","DL_DoanTrongTuan2009","Đoàn Trọng Tuấn","Trường Trung học phổ thông chuyên Nguyễn Du - Đắk Lắk","499.01","","","499.01"
"228","Sherwin","Hoàng Đình Hải Vương","Trường Trung học phổ thông chuyên Nguyễn Du - Đắk Lắk","499.01","","","499.01"
"230","Quangthieunang","","","249.51","21","180","450.50"
"231","iamdgl208","Đoàn Gia Long","Trường Trung học phổ thông chuyên Lê Quý Đôn - Quảng Trị","415.84","21","","436.84"
"232","mdk2007","Mông Duy Khánh","Trường Trung học phổ thông chuyên Thái Nguyên - Thái Nguyên","207.92","21","174","402.92"
"233","justiin","Trần Đại Nghĩa","Trường Trung học phổ thông chuyên Tuyên Quang - Tuyên Quang","360.40","21","12","393.40"
"234","ninhbinh007_seven","BÙI TÙNG LINH","Trường Trung học phổ thông chuyên Lương Văn Tụy - Ninh Bình","180.20","14","198","392.20"
"235","PhcKhnhTapCode","Nguyễn Phúc Khánh","Trường Trung học phổ thông chuyên Hùng Vương - Phú Thọ","180.20","210","","390.20"
"236","aajayagh","Ngô Thảo Anh","Trường Trung học phổ thông chuyên Lê Quý Đôn - Bà Rịa – Vũng Tàu","180.20","21","180","381.20"
"236","truongtv2008","Trần Văn Trường","Trường Trung học phổ thông chuyên Thái Nguyên - Thái Nguyên","180.20","21","180","381.20"
"236","doducanh01062007","Đỗ Đức Anh","Trường Trung học phổ thông chuyên Biên Hòa - Hà Nam","180.20","21","180","381.20"
"239","minhquanz","Nguyễn Minh Đức","Trường Trung học phổ thông chuyên Đại học Vinh - Trường Đại học Vinh - Nghệ An","381.19","","","381.19"
"240","NTH_CA","Nguyễn Trung Hải","Trường Trung học phổ thông chuyên Hà Nội – Amsterdam - Hà Nội","180.20","21","174","375.20"
"240","Tommit_Teok4","Nguyễn Đăng Quang","Trường Trung học phổ thông chuyên Nguyễn Trãi - Hải Dương","180.20","21","174","375.20"
"240","tranhaiz100","Phan Sỹ  Danh","Trường Trung học phổ thông chuyên Hà Tĩnh - Hà Tĩnh","180.20","21","174","375.20"
"243","cbh_k64_tue","Nguyễn Đức Tuệ","Trường Trung học phổ thông chuyên Biên Hòa - Hà Nam","180.20","7","180","367.20"
"244","Phus","Nguyễn Văn Cường Phú","Trường Trung học phổ thông chuyên Bắc Ninh - Bắc Ninh","221.78","140","0","361.78"
"245","TuanAnhTank","","","180.20","21","126","327.20"
"246","Spy007","Nguyễn Quốc Thịnh","Trường Trung học phổ thông chuyên Tiền Giang - Tiền Giang","325.74","","","325.74"
"247","nthquan1505","Nguyễn Trần Hoàng Quân","Trường Trung học phổ thông chuyên Lương Thế Vinh - Đồng Nai","180.20","140","","320.20"
"247","phungminhdung10tin","Phùng Minh Dũng","Trường Trung học phổ thông chuyên Nguyễn Trãi - Hải Dương","180.20","140","","320.20"
"247","PeaceDestroyer145","Trần Ngọc Tuấn Anh","Trường Trung học phổ thông chuyên Lê Quý Đôn - Quảng Trị","180.20","140","","320.20"
"250","LeBaoAn","Lê Bảo An","Trường Trung học phổ thông chuyên Nguyễn Du - Đắk Lắk","318.81","","","318.81"
"251","Terence","Trần Thế Thông","Trường Trung học phổ thông chuyên Nguyễn Thị Minh Khai - Sóc Trăng","277.23","21","12","310.23"
"252","ND07","Trần Minh Thắng","Trường Trung học phổ thông chuyên Lê Hồng Phong - Nam Định","97.03","","174","271.03"
"253","DL_DinhVuMinhHung2k8","Đinh Vũ Minh Hùng","Trường Trung học phổ thông chuyên Nguyễn Du - Đắk Lắk","249.51","","","249.50"
"254","HieuKun","Nguyễn Minh Hiệu","","103.96","140","0","243.96"
"255","datmacoder","Hoàng Thế Thành Đạt","Trường Trung học phổ thông chuyên Võ Nguyên Giáp - Quảng Bình","180.20","21","12","213.20"
"255","huykhanh07hd","Đặng Huy Khánh","Trường Trung học phổ thông chuyên Nguyễn Trãi - Hải Dương","180.20","21","12","213.20"
"257","nguyendanghung","Nguyễn Đăng Hưng","Trường Trung học phổ thông chuyên Lý Tự Trọng - Cần Thơ","180.20","21","6","207.20"
"258","Laungocbao","Làu Ngọc Bảo","Trường Trung học phổ thông chuyên Nguyễn Chí Thanh - Đắk Nông","180.20","21","","201.20"
"258","trieukhang08","Trương Triệu Khang","Trường Trung học phổ thông chuyên Huỳnh Mẫn Đạt - Kiên Giang","180.20","21","","201.20"
"258","dangduc2102","Đặng Minh Đức","Trường Trung học phổ thông chuyên Hùng Vương - Phú Thọ","180.20","21","","201.20"
"258","hihihah","Nguyễn Tiến Thành","Trường Trung học phổ thông chuyên Lam Sơn - Thanh Hóa","180.20","21","","201.20"
"258","HiepVu217","","","180.20","21","","201.20"
"263","vuongvietligt","Vương Viết Lượng","Trường Trung học phổ thông chuyên Đại học Vinh - Trường Đại học Vinh - Nghệ An","194.06","","","194.06"
"264","XuanTungct","Nguyễn Xuân Tùng","Trường Trung học phổ thông chuyên Nguyễn Du - Đắk Lắk","180.20","7","","187.20"
"265","Dreamy_lovesper","Giáp Trinh Đăng","Trường Trung học phổ thông chuyên Nguyễn Tất Thành - Kon Tum","159.41","21","","180.41"
"266","goldencheems","Trần Tuấn Nam","Trường Trung học phổ thông chuyên Hạ Long - Quảng Ninh","180.20","","","180.20"
"266","vantam","Nguyễn Văn Tâm","Trường Trung học phổ thông chuyên Vĩnh Phúc - Vĩnh Phúc","180.20","","","180.20"
"266","hoanglong1643","","","180.20","","","180.20"
"266","baoanhVjppro","Thái Bảo Anh","Trường Trung học phổ thông chuyên Nguyễn Du - Đắk Lắk","180.20","","","180.20"
"266","ntlinh","Nguyễn Thảo Linh","Trường Trung học phổ thông chuyên Lê Quý Đôn - Điện Biên","180.20","","","180.20"
"266","nhutran","Trần Lê Gia Như","Trường Trung học phổ thông chuyên Chu Văn An - Bình Định","180.20","","","180.20"
"272","HieuNgan","","","0","0","174","174"
"273","namprozz","Đặng Hoàng Nam","Trường Trung học phổ thông chuyên Thăng Long - Lâm Đồng","152.48","21","0","173.47"
"274","trietlailaptrinh","Huỳnh Minh Triết","Trường Trung học phổ thông chuyên Huỳnh Mẫn Đạt - Kiên Giang","131.68","21","","152.68"
"275","tthanhloi2007","Trần Thành Lợi","Trường Trung học phổ thông chuyên Huỳnh Mẫn Đạt - Kiên Giang","103.96","21","","124.96"
"276","SP_Caramen","Đỗ Việt Khánh","Trường Trung học phổ thông chuyên Lê Quý Đôn - Bình Định","97.03","21","","118.03"
"277","Tubication","Cao Nguyễn Đăng Quang","Trường Trung học phổ thông chuyên Đại học Vinh - Trường Đại học Vinh - Nghệ An","90.10","","","90.10"
"278","minhchau1101","Phan Minh Châu","Trường Trung học phổ thông chuyên Nguyễn Du - Đắk Lắk","62.38","21","","83.38"
"279","SoMotThanhXuan","Nguyễn Đức Hiếu","Trường Trung học phổ thông chuyên Hạ Long - Quảng Ninh","20.79","21","12","53.79"
"280","lime","","","6.93","","","6.93"
"281","nguyenhainam1012cg","Nguyễn Hải Nam","Trường Trung học phổ thông chuyên Nguyễn Huệ - Hà Nội","","","","0"
"281","Vuongduy","Trần Hữu Vương Duy","Trường Trung học phổ thông chuyên Trần Hưng Đạo - Bình Thuận","","","","0"
"281","whitezeros1410","Phan Nguyễn Quốc Bảo","Trường Trung học phổ thông chuyên Bình Long - Bình Phước","","","","0"
"281","nguyentrongtan","Nguyễn Trọng Tấn","Trường Trung học phổ thông chuyên Sơn La - Sơn La","","","","0"
"281","ninhbinh06","PHẠM THẾ DŨNG","Trường Trung học phổ thông chuyên Lương Văn Tụy - Ninh Bình","","","","0"
"281","nnnn_nnnn","","","","","","0"
"281","nvc2k8","Nguyễn Việt Cường","Trường Trung học phổ thông chuyên Huỳnh Mẫn Đạt - Kiên Giang","","","","0"
"281","HOANGNGUYENHUYNH","Huỳnh Hoàng Nguyên","Trường Trung học phổ thông chuyên Nguyễn Tất Thành - Kon Tum","","","","0"
"281","solarisup","Lê Hữu Đức Gia Minh","Trường Trung học phổ thông FPT Bắc Từ Liêm - Hà Nội","0","","","0"
"281","kh0i","Lê Trọng Khôi","Trường Trung học phổ thông chuyên Hà Nội – Amsterdam - Hà Nội","","","","0"
"281","TrungBac2105","Phan Trung Bạc","Trường Trung học phổ thông Chu Văn An - Đồng Tháp","","","","0"
"281","nguyenphucanhkhoi","Nguyễn Phúc Anh Khôi","Trường Trung học Phổ thông chuyên Nguyễn Quang Diêu - Đồng Tháp","","","","0"
"281","trandaihao5555","Trần Đại Hào","Trường Trung học phổ thông chuyên Lương Văn Chánh - Phú Yên","","","","0"
"281","nnnam290508","Nguyễn Nhựt Nam","Trường Trung học Phổ thông chuyên Nguyễn Quang Diêu - Đồng Tháp","","","","0"
"281","tranthuanhieu1","Trần Thuận Hiếu","Trường Trung học phổ thông chuyên Hà Nội – Amsterdam - Hà Nội","","","","0"
"281","theBabyFish","Phạm Trung Duy","Trường Trung học phổ thông chuyên Lê Quý Đôn - Quảng Trị","","","","0"
"281","Clams","","","","","","0"
"281","anhvungoc1712","Vũ Nguyên Dương","Trường Trung học phổ thông chuyên Đại học Vinh - Trường Đại học Vinh - Nghệ An","","","","0"
"281","thefless","Vũ Nguyễn Anh Khoa","Trường Trung học phổ thông chuyên Hùng Vương - Bình Dương","","","","0"
"281","lexuantrong","Lê Xuân Trọng","Trường Trung học phổ thông chuyên Hùng Vương - Bình Dương","","","","0"
"281","Zero_OP","Lê Lâm","Trường Trung học phổ thông chuyên Lê Hồng Phong - Thành phố Hồ Chí Minh","","","","0"
"281","sitingfake","Ngô Duy Trạng","Trường Trung học phổ thông chuyên Tiền Giang - Tiền Giang","","","","0"
"281","hungeazyITistrue","Nguyễn Thái Hưng","THPT Chuyên Lê Quý Đôn - Khánh Hòa","","","","0"
"281","tanph","tanph            Phạm Tuấn Anh","tanph                Trường trung học phổ thông chuyên Lê Quý Đôn - Đà Nẵng","","","","0"
"281","duong2k7","Thân Hồng Dương","Trường Trung học phổ thông chuyên Bắc Giang - Bắc Giang","","","","0"
"281","ninhanhvuk7","Ninh Anh Vũ","Trường Trung học phổ thông chuyên Sơn La - Sơn La","","","","0"
"281","dongpro3lol","Nguyễn Thành Đông","Trường Trung học phổ thông chuyên Huỳnh Mẫn Đạt - Kiên Giang","","","","0"
"281","minhanh0201","Hoàng Minh Anh","Trường Trung học phổ thông chuyên Nguyễn Du - Đắk Lắk","","","","0"
"281","e3320198","Huỳnh Khải","Trường Trung học phổ thông chuyên Vị Thanh - Hậu Giang","","","","0"
"281","trieuphucthinh77","Triệu Phúc Thịnh","free fire","","","","0"
"281","Mochi","Nguyễn Long Nhật","Trường Trung học phổ thông chuyên Lê Khiết - Quảng Ngãi","","","","0"
"281","Cookie","Lê Viết Nam Khôi, Thành phố Hồ Chí Minh","Trường TH-THCS-THPT Việt-Úc - Thành phố Hồ Chí Minh","","","","0"
"281","sus","Võ Bá Thông","Trường Trung học phổ thông chuyên Nguyễn Du - Đắk Lắk","","","","0"
"314","thinhsieucapvippro","Võ Quốc Thịnh","Trường Trung học phổ thông chuyên Lý Tự Trọng - Cần Thơ","519.80","21","480","-9999"
"314","approx","Nguyễn Minh Khang","Trường Trung học phổ thông chuyên Lý Tự Trọng - Cần Thơ","700","21","480","-9999"
"314","sunrise","Nguyễn Bình Minh","Trường Trung học phổ thông chuyên Thái Nguyên - Thái Nguyên","700","21","390","-9999"
"314","datbuonia171","Nguyễn Thành Đạt","Trường Trung học phổ thông chuyên Hưng Yên - Hưng Yên","700","21","12","-9999"
"314","123ntd","Nguyễn Trí Đại","Trường Trung học phổ thông chuyên Hưng Yên - Hưng Yên","700","21","582","-9999"
"314","DaiDuong12907","Đoàn Đại Dương","Trường Trung học phổ thông chuyên Hưng Yên - Hưng Yên","700","21","","-9999"
"314","bachnh","Nguyễn Hoàng Bách","Trường Trung học phổ thông chuyên Thái Nguyên - Thái Nguyên","90.10","21","0","-9999"